element_id,element_name,ideas_count,prompts_count,seo_count
1,Paddy / Rice Field,10,200,10
2,Forest,10,200,10
3,Giant Tree,10,200,10
4,Palm Tree,10,200,10
5,Bamboo Forest,10,200,10
6,Corn Field,10,200,10
7,Wheat Field,12,240,12
8,Tea Garden,10,200,10
9,Banana Plantation,10,200,10
10,Apple Orchard,10,200,10
11,Sunflower Field,10,200,10
12,Grassland,10,200,10
13,Desert,10,190,10
14,Mountain,10,100,10
15,Glacier,10,100,10
16,Snowfield,10,100,10
17,Volcano,10,100,10
18,Sand Dune,10,100,10
19,Island,15,150,15
20,Ocean,10,100,10
21,River,10,100,10
22,Waterfall,10,100,10
23,Swamp,10,100,10
24,Rock Field,10,100,10
25,Cave,10,100,10
26,City,10,100,10
27,Skyscraper,10,100,10
28,Village,10,100,10
29,Highway,10,100,10
30,Railway,10,100,10
31,Bridge,10,100,10
32,Ship,10,100,10
33,Ferry,10,100,10
34,Airplane,10,100,10
35,Rocket,10,140,10
36,Satellite,10,180,10
37,Space Station,10,180,10
38,Moon,10,180,10
39,Sun,10,180,10
40,Cloud,10,180,10
41,Tornado,10,180,10
42,Storm,10,100,10
43,Rain,10,100,10
44,Lightning,10,100,10
45,Fire,10,100,10
46,Tsunami,10,100,10
47,Earth,10,100,10
48,Planet,10,100,10
49,Time,10,100,10
50,Gravity,10,100,10
51,Magnet,10,100,10
52,Crystal,10,100,10
53,DNA,10,100,10
54,Microbe,10,100,10
55,Ant Colony,10,180,10
56,Bee Colony,10,180,10
57,Insect Swarm,10,180,10
58,Fish School,10,132,10
59,Whale,10,180,10
60,Elephant,10,180,10
61,Termite Colony,10,180,10
62,Spider Web,10,100,10
63,Shell,10,100,10
64,Bird Feather,10,100,10
65,Snake,10,100,10
66,Reptile,10,100,10
67,Octopus,10,100,10
68,Root System,10,100,10
69,Mushroom Colony,10,100,10
70,Coral Reef,10,100,10
71,Iceberg,10,100,10
72,Underwater City,10,100,10
73,Factory,10,100,10
74,Gear System,10,100,10
75,Construction Crane,10,100,10
76,Mining System,10,100,10
77,Oil Field,10,100,10
78,Conveyor Belt,10,100,10
79,Tractor,10,118,10
80,Excavator,10,118,10
81,Cargo Fleet,10,108,10
82,Subway,10,100,10
83,Mega Construction Site,10,100,10
84,Tower,10,100,10
85,Fortress,10,100,10
86,Stadium,10,100,10
87,Giant Wheel,10,100,10
88,Brick Wall,10,162,10
89,Fabric / Textile,10,150,10
90,Warehouse,10,202,10
91,Vault,10,180,10
92,Energy Grid,10,207,10
93,Reactor,10,198,10
94,Solar Farm,10,189,10
95,Wind Farm,10,176,10
96,Tidal Energy,10,160,10
97,Robot Swarm,10,170,10
98,Artificial Intelligence,10,231,10
99,Network / Web,10,186,10
100,Infinite Loop / Self-Replicating System,10,204,10
