Category,Element_ID,Element_Name,Element_Group,Element_Status,Idea_ID,Idea_Title,Idea_Status,Prompts_Count,Level_10_Prompt_Status,Video_Package_Status,Task_Status,Attempt_Count,No_Retry_Lock,Next_Action
Impossible Giant Machine,1,Paddy / Rice Field,Agriculture,FILLED (10 Ideas Linked),1,Rice Titan Harvester,FILLED,20/20 (FILLED),READY (Level 10 Video Prompt Active),COMPLETED (MP4 + JSON Present),success,4,YES (LOCKED - NO RETRY),DONE & VERIFIED
Impossible Giant Machine,1,Paddy / Rice Field,Agriculture,FILLED (10 Ideas Linked),2,The Paddy Ocean Vacuum,FILLED,20/20 (FILLED),READY (Level 10 Video Prompt Active),COMPLETED (MP4 + JSON Present),success,4,YES (LOCKED - NO RETRY),DONE & VERIFIED
Impossible Giant Machine,1,Paddy / Rice Field,Agriculture,FILLED (10 Ideas Linked),3,Rice-Field Spider Colossus,FILLED,20/20 (FILLED),READY (Level 10 Video Prompt Active),COMPLETED (MP4 + JSON Present),success,1,YES (LOCKED - NO RETRY),DONE & VERIFIED
Impossible Giant Machine,1,Paddy / Rice Field,Agriculture,FILLED (10 Ideas Linked),4,The Monsoon Harvesting Ark,FILLED,20/20 (FILLED),READY (Level 10 Video Prompt Active),COMPLETED (MP4 + JSON Present),success,1,YES (LOCKED - NO RETRY),DONE & VERIFIED
Impossible Giant Machine,1,Paddy / Rice Field,Agriculture,FILLED (10 Ideas Linked),5,Paddy Ring Megaharvester,FILLED,20/20 (FILLED),READY (Level 10 Video Prompt Active),READY_FOR_PACKAGING,pending_video,1,NO,Run Video Packager
Impossible Giant Machine,1,Paddy / Rice Field,Agriculture,FILLED (10 Ideas Linked),6,Sky Reaper Rice Fortress,FILLED,20/20 (FILLED),READY (Level 10 Video Prompt Active),READY_FOR_PACKAGING,pending_video,0,NO,Run Video Packager
Impossible Giant Machine,1,Paddy / Rice Field,Agriculture,FILLED (10 Ideas Linked),7,The Rice Comb Superstructure,FILLED,20/20 (FILLED),READY (Level 10 Video Prompt Active),READY_FOR_PACKAGING,pending_video,0,NO,Run Video Packager
Impossible Giant Machine,1,Paddy / Rice Field,Agriculture,FILLED (10 Ideas Linked),8,Paddy-Gulping Harvest Worm,FILLED,20/20 (FILLED),READY (Level 10 Video Prompt Active),READY_FOR_PACKAGING,pending_video,0,NO,Run Video Packager
Impossible Giant Machine,1,Paddy / Rice Field,Agriculture,FILLED (10 Ideas Linked),9,Rice Moon Harvester,FILLED,20/20 (FILLED),READY (Level 10 Video Prompt Active),READY_FOR_PACKAGING,pending_video,0,NO,Run Video Packager
Impossible Giant Machine,1,Paddy / Rice Field,Agriculture,FILLED (10 Ideas Linked),10,The Infinite Rice Factory,FILLED,20/20 (FILLED),READY (Level 10 Video Prompt Active),READY_FOR_PACKAGING,pending_video,0,NO,Run Video Packager
Impossible Giant Machine,2,Forest,Nature,FILLED (10 Ideas Linked),33,The Forest Titan Megastructure #1,FILLED,20/20 (FILLED),READY (Level 10 Video Prompt Active),READY_FOR_PACKAGING,NOT_STARTED,0,NO,Run Video Packager
Impossible Giant Machine,2,Forest,Nature,FILLED (10 Ideas Linked),34,The Forest Titan Megastructure #2,FILLED,20/20 (FILLED),READY (Level 10 Video Prompt Active),READY_FOR_PACKAGING,NOT_STARTED,0,NO,Run Video Packager
Impossible Giant Machine,2,Forest,Nature,FILLED (10 Ideas Linked),35,The Forest Titan Megastructure #3,FILLED,20/20 (FILLED),READY (Level 10 Video Prompt Active),READY_FOR_PACKAGING,NOT_STARTED,0,NO,Run Video Packager
Impossible Giant Machine,2,Forest,Nature,FILLED (10 Ideas Linked),36,The Forest Titan Megastructure #4,FILLED,20/20 (FILLED),READY (Level 10 Video Prompt Active),READY_FOR_PACKAGING,NOT_STARTED,0,NO,Run Video Packager
Impossible Giant Machine,2,Forest,Nature,FILLED (10 Ideas Linked),37,The Forest Titan Megastructure #5,FILLED,20/20 (FILLED),READY (Level 10 Video Prompt Active),READY_FOR_PACKAGING,NOT_STARTED,0,NO,Run Video Packager
Impossible Giant Machine,2,Forest,Nature,FILLED (10 Ideas Linked),38,The Forest Titan Megastructure #6,FILLED,20/20 (FILLED),READY (Level 10 Video Prompt Active),READY_FOR_PACKAGING,NOT_STARTED,0,NO,Run Video Packager
Impossible Giant Machine,2,Forest,Nature,FILLED (10 Ideas Linked),39,The Forest Titan Megastructure #7,FILLED,20/20 (FILLED),READY (Level 10 Video Prompt Active),READY_FOR_PACKAGING,NOT_STARTED,0,NO,Run Video Packager
Impossible Giant Machine,2,Forest,Nature,FILLED (10 Ideas Linked),40,The Forest Titan Megastructure #8,FILLED,20/20 (FILLED),READY (Level 10 Video Prompt Active),READY_FOR_PACKAGING,NOT_STARTED,0,NO,Run Video Packager
Impossible Giant Machine,2,Forest,Nature,FILLED (10 Ideas Linked),41,The Forest Titan Megastructure #9,FILLED,20/20 (FILLED),READY (Level 10 Video Prompt Active),READY_FOR_PACKAGING,NOT_STARTED,0,NO,Run Video Packager
Impossible Giant Machine,2,Forest,Nature,FILLED (10 Ideas Linked),42,The Forest Titan Megastructure #10,FILLED,20/20 (FILLED),READY (Level 10 Video Prompt Active),READY_FOR_PACKAGING,NOT_STARTED,0,NO,Run Video Packager
Impossible Giant Machine,3,Giant Tree,Nature,FILLED (10 Ideas Linked),43,Canopy Orbit Engine,FILLED,20/20 (FILLED),READY (Level 10 Video Prompt Active),READY_FOR_PACKAGING,NOT_STARTED,0,NO,Run Video Packager
Impossible Giant Machine,3,Giant Tree,Nature,FILLED (10 Ideas Linked),44,Rootway Titan,FILLED,20/20 (FILLED),READY (Level 10 Video Prompt Active),READY_FOR_PACKAGING,NOT_STARTED,0,NO,Run Video Packager
Impossible Giant Machine,3,Giant Tree,Nature,FILLED (10 Ideas Linked),45,Sun Harvester Colossus,FILLED,20/20 (FILLED),READY (Level 10 Video Prompt Active),READY_FOR_PACKAGING,NOT_STARTED,0,NO,Run Video Packager
Impossible Giant Machine,3,Giant Tree,Nature,FILLED (10 Ideas Linked),46,Cloud Rooter,FILLED,20/20 (FILLED),READY (Level 10 Video Prompt Active),READY_FOR_PACKAGING,NOT_STARTED,0,NO,Run Video Packager
Impossible Giant Machine,3,Giant Tree,Nature,FILLED (10 Ideas Linked),47,Bark Foundry,FILLED,20/20 (FILLED),READY (Level 10 Video Prompt Active),READY_FOR_PACKAGING,NOT_STARTED,0,NO,Run Video Packager
Impossible Giant Machine,3,Giant Tree,Nature,FILLED (10 Ideas Linked),48,Season Engine,FILLED,20/20 (FILLED),READY (Level 10 Video Prompt Active),READY_FOR_PACKAGING,NOT_STARTED,0,NO,Run Video Packager
Impossible Giant Machine,3,Giant Tree,Nature,FILLED (10 Ideas Linked),49,Branch Bridge Machine,FILLED,20/20 (FILLED),READY (Level 10 Video Prompt Active),READY_FOR_PACKAGING,NOT_STARTED,0,NO,Run Video Packager
Impossible Giant Machine,3,Giant Tree,Nature,FILLED (10 Ideas Linked),50,Pollinator Cathedral,FILLED,20/20 (FILLED),READY (Level 10 Video Prompt Active),READY_FOR_PACKAGING,NOT_STARTED,0,NO,Run Video Packager
Impossible Giant Machine,3,Giant Tree,Nature,FILLED (10 Ideas Linked),51,Root Memory Engine,FILLED,20/20 (FILLED),READY (Level 10 Video Prompt Active),READY_FOR_PACKAGING,NOT_STARTED,0,NO,Run Video Packager
Impossible Giant Machine,3,Giant Tree,Nature,FILLED (10 Ideas Linked),52,Worldtree Stabilizer,FILLED,20/20 (FILLED),READY (Level 10 Video Prompt Active),READY_FOR_PACKAGING,NOT_STARTED,0,NO,Run Video Packager
Impossible Giant Machine,4,Palm Tree,Nature,FILLED (10 Ideas Linked),53,Palm Titan Water Crown,FILLED,20/20 (FILLED),READY (Level 10 Video Prompt Active),READY_FOR_PACKAGING,NOT_STARTED,0,NO,Run Video Packager
Impossible Giant Machine,4,Palm Tree,Nature,FILLED (10 Ideas Linked),54,Sun Harvesting Palm Engine,FILLED,20/20 (FILLED),READY (Level 10 Video Prompt Active),READY_FOR_PACKAGING,NOT_STARTED,0,NO,Run Video Packager
Impossible Giant Machine,4,Palm Tree,Nature,FILLED (10 Ideas Linked),55,Palm Root Earth Mover,FILLED,20/20 (FILLED),READY (Level 10 Video Prompt Active),READY_FOR_PACKAGING,NOT_STARTED,0,NO,Run Video Packager
Impossible Giant Machine,4,Palm Tree,Nature,FILLED (10 Ideas Linked),56,Chrono-Palm Growth Engine,FILLED,0/20 (BLANK),BLANK (Needs 1-10 Escalation),BLANK,NOT_STARTED,0,NO,Run Prompt Escalation Fillup
Impossible Giant Machine,4,Palm Tree,Nature,FILLED (10 Ideas Linked),57,Palm Wind Orchestra,FILLED,0/20 (BLANK),BLANK (Needs 1-10 Escalation),BLANK,NOT_STARTED,0,NO,Run Prompt Escalation Fillup
Impossible Giant Machine,4,Palm Tree,Nature,FILLED (10 Ideas Linked),58,Celestial Coconut Launcher,FILLED,0/20 (BLANK),BLANK (Needs 1-10 Escalation),BLANK,NOT_STARTED,0,NO,Run Prompt Escalation Fillup
Impossible Giant Machine,4,Palm Tree,Nature,FILLED (10 Ideas Linked),59,Palm Cloud Factory,FILLED,0/20 (BLANK),BLANK (Needs 1-10 Escalation),BLANK,NOT_STARTED,0,NO,Run Prompt Escalation Fillup
Impossible Giant Machine,4,Palm Tree,Nature,FILLED (10 Ideas Linked),60,Frond Solar Sail Array,FILLED,0/20 (BLANK),BLANK (Needs 1-10 Escalation),BLANK,NOT_STARTED,0,NO,Run Prompt Escalation Fillup
Impossible Giant Machine,4,Palm Tree,Nature,FILLED (10 Ideas Linked),61,Palm Tree Climate Reactor,FILLED,0/20 (BLANK),BLANK (Needs 1-10 Escalation),BLANK,NOT_STARTED,0,NO,Run Prompt Escalation Fillup
Impossible Giant Machine,4,Palm Tree,Nature,FILLED (10 Ideas Linked),62,Infinite Palm Forest Seeder,FILLED,0/20 (BLANK),BLANK (Needs 1-10 Escalation),BLANK,NOT_STARTED,0,NO,Run Prompt Escalation Fillup
Impossible Giant Machine,5,Bamboo Forest,Nature,FILLED (10 Ideas Linked),63,The Bamboo Forest Titan Megastructure #1,FILLED,0/20 (BLANK),BLANK (Needs 1-10 Escalation),BLANK,NOT_STARTED,0,NO,Run Prompt Escalation Fillup
Impossible Giant Machine,5,Bamboo Forest,Nature,FILLED (10 Ideas Linked),64,The Bamboo Forest Titan Megastructure #2,FILLED,0/20 (BLANK),BLANK (Needs 1-10 Escalation),BLANK,NOT_STARTED,0,NO,Run Prompt Escalation Fillup
Impossible Giant Machine,5,Bamboo Forest,Nature,FILLED (10 Ideas Linked),65,The Bamboo Forest Titan Megastructure #3,FILLED,0/20 (BLANK),BLANK (Needs 1-10 Escalation),BLANK,NOT_STARTED,0,NO,Run Prompt Escalation Fillup
Impossible Giant Machine,5,Bamboo Forest,Nature,FILLED (10 Ideas Linked),66,The Bamboo Forest Titan Megastructure #4,FILLED,0/20 (BLANK),BLANK (Needs 1-10 Escalation),BLANK,NOT_STARTED,0,NO,Run Prompt Escalation Fillup
Impossible Giant Machine,5,Bamboo Forest,Nature,FILLED (10 Ideas Linked),67,The Bamboo Forest Titan Megastructure #5,FILLED,0/20 (BLANK),BLANK (Needs 1-10 Escalation),BLANK,NOT_STARTED,0,NO,Run Prompt Escalation Fillup
Impossible Giant Machine,5,Bamboo Forest,Nature,FILLED (10 Ideas Linked),68,The Bamboo Forest Titan Megastructure #6,FILLED,0/20 (BLANK),BLANK (Needs 1-10 Escalation),BLANK,NOT_STARTED,0,NO,Run Prompt Escalation Fillup
Impossible Giant Machine,5,Bamboo Forest,Nature,FILLED (10 Ideas Linked),69,The Bamboo Forest Titan Megastructure #7,FILLED,0/20 (BLANK),BLANK (Needs 1-10 Escalation),BLANK,NOT_STARTED,0,NO,Run Prompt Escalation Fillup
Impossible Giant Machine,5,Bamboo Forest,Nature,FILLED (10 Ideas Linked),70,The Bamboo Forest Titan Megastructure #8,FILLED,0/20 (BLANK),BLANK (Needs 1-10 Escalation),BLANK,NOT_STARTED,0,NO,Run Prompt Escalation Fillup
Impossible Giant Machine,5,Bamboo Forest,Nature,FILLED (10 Ideas Linked),71,The Bamboo Forest Titan Megastructure #9,FILLED,0/20 (BLANK),BLANK (Needs 1-10 Escalation),BLANK,NOT_STARTED,0,NO,Run Prompt Escalation Fillup
Impossible Giant Machine,5,Bamboo Forest,Nature,FILLED (10 Ideas Linked),72,The Bamboo Forest Titan Megastructure #10,FILLED,0/20 (BLANK),BLANK (Needs 1-10 Escalation),BLANK,NOT_STARTED,0,NO,Run Prompt Escalation Fillup
Impossible Giant Machine,6,Corn Field,Agriculture,FILLED (10 Ideas Linked),23,Colossal Corn Thresher Titan,FILLED,20/20 (FILLED),READY (Level 10 Video Prompt Active),READY_FOR_PACKAGING,NOT_STARTED,0,NO,Run Video Packager
Impossible Giant Machine,6,Corn Field,Agriculture,FILLED (10 Ideas Linked),24,The Solar Corn Silo Walker,FILLED,0/20 (BLANK),BLANK (Needs 1-10 Escalation),BLANK,NOT_STARTED,0,NO,Run Prompt Escalation Fillup
Impossible Giant Machine,6,Corn Field,Agriculture,FILLED (10 Ideas Linked),133,The Corn Field Titan Megastructure #3,FILLED,0/20 (BLANK),BLANK (Needs 1-10 Escalation),BLANK,NOT_STARTED,0,NO,Run Prompt Escalation Fillup
Impossible Giant Machine,6,Corn Field,Agriculture,FILLED (10 Ideas Linked),134,The Corn Field Titan Megastructure #4,FILLED,0/20 (BLANK),BLANK (Needs 1-10 Escalation),BLANK,NOT_STARTED,0,NO,Run Prompt Escalation Fillup
Impossible Giant Machine,6,Corn Field,Agriculture,FILLED (10 Ideas Linked),135,The Corn Field Titan Megastructure #5,FILLED,0/20 (BLANK),BLANK (Needs 1-10 Escalation),BLANK,NOT_STARTED,0,NO,Run Prompt Escalation Fillup
Impossible Giant Machine,6,Corn Field,Agriculture,FILLED (10 Ideas Linked),136,The Corn Field Titan Megastructure #6,FILLED,0/20 (BLANK),BLANK (Needs 1-10 Escalation),BLANK,NOT_STARTED,0,NO,Run Prompt Escalation Fillup
Impossible Giant Machine,6,Corn Field,Agriculture,FILLED (10 Ideas Linked),137,The Corn Field Titan Megastructure #7,FILLED,0/20 (BLANK),BLANK (Needs 1-10 Escalation),BLANK,NOT_STARTED,0,NO,Run Prompt Escalation Fillup
Impossible Giant Machine,6,Corn Field,Agriculture,FILLED (10 Ideas Linked),138,The Corn Field Titan Megastructure #8,FILLED,0/20 (BLANK),BLANK (Needs 1-10 Escalation),BLANK,NOT_STARTED,0,NO,Run Prompt Escalation Fillup
Impossible Giant Machine,6,Corn Field,Agriculture,FILLED (10 Ideas Linked),139,The Corn Field Titan Megastructure #9,FILLED,0/20 (BLANK),BLANK (Needs 1-10 Escalation),BLANK,NOT_STARTED,0,NO,Run Prompt Escalation Fillup
Impossible Giant Machine,6,Corn Field,Agriculture,FILLED (10 Ideas Linked),140,The Corn Field Titan Megastructure #10,FILLED,0/20 (BLANK),BLANK (Needs 1-10 Escalation),BLANK,NOT_STARTED,0,NO,Run Prompt Escalation Fillup
Impossible Giant Machine,7,Wheat Field,Agriculture,FILLED (12 Ideas Linked),11,Colossal Wheat Combine Titan,FILLED,0/20 (BLANK),BLANK (Needs 1-10 Escalation),BLANK,pending_video,1,NO,Run Prompt Escalation Fillup
Impossible Giant Machine,7,Wheat Field,Agriculture,FILLED (12 Ideas Linked),12,The Solar Wheat Sifter,FILLED,0/20 (BLANK),BLANK (Needs 1-10 Escalation),BLANK,pending_video,1,NO,Run Prompt Escalation Fillup
Impossible Giant Machine,7,Wheat Field,Agriculture,FILLED (12 Ideas Linked),13,The Wheat Ocean Harvester,FILLED,0/20 (BLANK),BLANK (Needs 1-10 Escalation),BLANK,NOT_STARTED,0,NO,Run Prompt Escalation Fillup
Impossible Giant Machine,7,Wheat Field,Agriculture,FILLED (12 Ideas Linked),14,Titan Sunwheel Irrigator,FILLED,0/20 (BLANK),BLANK (Needs 1-10 Escalation),BLANK,NOT_STARTED,0,NO,Run Prompt Escalation Fillup
Impossible Giant Machine,7,Wheat Field,Agriculture,FILLED (12 Ideas Linked),15,Wheat Field Weather Engine,FILLED,0/20 (BLANK),BLANK (Needs 1-10 Escalation),BLANK,NOT_STARTED,0,NO,Run Prompt Escalation Fillup
Impossible Giant Machine,7,Wheat Field,Agriculture,FILLED (12 Ideas Linked),16,The Infinite Furrow Walker,FILLED,0/20 (BLANK),BLANK (Needs 1-10 Escalation),BLANK,NOT_STARTED,0,NO,Run Prompt Escalation Fillup
Impossible Giant Machine,7,Wheat Field,Agriculture,FILLED (12 Ideas Linked),17,Golden Grain Conveyor City,FILLED,0/20 (BLANK),BLANK (Needs 1-10 Escalation),BLANK,NOT_STARTED,0,NO,Run Prompt Escalation Fillup
Impossible Giant Machine,7,Wheat Field,Agriculture,FILLED (12 Ideas Linked),18,Wheatfield Solar Crown,FILLED,0/20 (BLANK),BLANK (Needs 1-10 Escalation),BLANK,NOT_STARTED,0,NO,Run Prompt Escalation Fillup
Impossible Giant Machine,7,Wheat Field,Agriculture,FILLED (12 Ideas Linked),19,The Root Network Excavator,FILLED,0/20 (BLANK),BLANK (Needs 1-10 Escalation),BLANK,NOT_STARTED,0,NO,Run Prompt Escalation Fillup
Impossible Giant Machine,7,Wheat Field,Agriculture,FILLED (12 Ideas Linked),20,Wheat Sentinel Colossus,FILLED,0/20 (BLANK),BLANK (Needs 1-10 Escalation),BLANK,NOT_STARTED,0,NO,Run Prompt Escalation Fillup
Impossible Giant Machine,7,Wheat Field,Agriculture,FILLED (12 Ideas Linked),21,The Atmospheric Grain Elevator,FILLED,0/20 (BLANK),BLANK (Needs 1-10 Escalation),BLANK,NOT_STARTED,0,NO,Run Prompt Escalation Fillup
Impossible Giant Machine,7,Wheat Field,Agriculture,FILLED (12 Ideas Linked),22,Chrono-Harvest Megamachine,FILLED,0/20 (BLANK),BLANK (Needs 1-10 Escalation),BLANK,NOT_STARTED,0,NO,Run Prompt Escalation Fillup
Impossible Giant Machine,8,Tea Garden,Agriculture,FILLED (10 Ideas Linked),73,Titanic Tea Plucking Colossus,FILLED,0/20 (BLANK),BLANK (Needs 1-10 Escalation),BLANK,NOT_STARTED,0,NO,Run Prompt Escalation Fillup
Impossible Giant Machine,8,Tea Garden,Agriculture,FILLED (10 Ideas Linked),74,Skyloom Tea Pruning Ring,FILLED,0/20 (BLANK),BLANK (Needs 1-10 Escalation),BLANK,NOT_STARTED,0,NO,Run Prompt Escalation Fillup
Impossible Giant Machine,8,Tea Garden,Agriculture,FILLED (10 Ideas Linked),75,Monsoon Shield Megadome,FILLED,0/20 (BLANK),BLANK (Needs 1-10 Escalation),BLANK,NOT_STARTED,0,NO,Run Prompt Escalation Fillup
Impossible Giant Machine,8,Tea Garden,Agriculture,FILLED (10 Ideas Linked),76,Rootwater Planetary Drill,FILLED,0/20 (BLANK),BLANK (Needs 1-10 Escalation),BLANK,NOT_STARTED,0,NO,Run Prompt Escalation Fillup
Impossible Giant Machine,8,Tea Garden,Agriculture,FILLED (10 Ideas Linked),77,Tea Garden Climate Engine,FILLED,0/20 (BLANK),BLANK (Needs 1-10 Escalation),BLANK,NOT_STARTED,0,NO,Run Prompt Escalation Fillup
Impossible Giant Machine,8,Tea Garden,Agriculture,FILLED (10 Ideas Linked),78,Colossus Leaf Sorting Wheel,FILLED,0/20 (BLANK),BLANK (Needs 1-10 Escalation),BLANK,NOT_STARTED,0,NO,Run Prompt Escalation Fillup
Impossible Giant Machine,8,Tea Garden,Agriculture,FILLED (10 Ideas Linked),79,Mountain Compost Walker,FILLED,0/20 (BLANK),BLANK (Needs 1-10 Escalation),BLANK,NOT_STARTED,0,NO,Run Prompt Escalation Fillup
Impossible Giant Machine,8,Tea Garden,Agriculture,FILLED (10 Ideas Linked),80,Terrace-Shaping Earth Titan,FILLED,0/20 (BLANK),BLANK (Needs 1-10 Escalation),BLANK,NOT_STARTED,0,NO,Run Prompt Escalation Fillup
Impossible Giant Machine,8,Tea Garden,Agriculture,FILLED (10 Ideas Linked),81,Solar Tea Harvesting Cathedral,FILLED,0/20 (BLANK),BLANK (Needs 1-10 Escalation),BLANK,NOT_STARTED,0,NO,Run Prompt Escalation Fillup
Impossible Giant Machine,8,Tea Garden,Agriculture,FILLED (10 Ideas Linked),82,Orbital Tea Garden Caretaker,FILLED,0/20 (BLANK),BLANK (Needs 1-10 Escalation),BLANK,NOT_STARTED,0,NO,Run Prompt Escalation Fillup
Impossible Giant Machine,9,Banana Plantation,Agriculture,FILLED (10 Ideas Linked),83,The Banana Plantation Titan Megastructure #1,FILLED,0/20 (BLANK),BLANK (Needs 1-10 Escalation),BLANK,NOT_STARTED,0,NO,Run Prompt Escalation Fillup
Impossible Giant Machine,9,Banana Plantation,Agriculture,FILLED (10 Ideas Linked),84,The Banana Plantation Titan Megastructure #2,FILLED,0/20 (BLANK),BLANK (Needs 1-10 Escalation),BLANK,NOT_STARTED,0,NO,Run Prompt Escalation Fillup
Impossible Giant Machine,9,Banana Plantation,Agriculture,FILLED (10 Ideas Linked),85,The Banana Plantation Titan Megastructure #3,FILLED,0/20 (BLANK),BLANK (Needs 1-10 Escalation),BLANK,NOT_STARTED,0,NO,Run Prompt Escalation Fillup
Impossible Giant Machine,9,Banana Plantation,Agriculture,FILLED (10 Ideas Linked),86,The Banana Plantation Titan Megastructure #4,FILLED,0/20 (BLANK),BLANK (Needs 1-10 Escalation),BLANK,NOT_STARTED,0,NO,Run Prompt Escalation Fillup
Impossible Giant Machine,9,Banana Plantation,Agriculture,FILLED (10 Ideas Linked),87,The Banana Plantation Titan Megastructure #5,FILLED,0/20 (BLANK),BLANK (Needs 1-10 Escalation),BLANK,NOT_STARTED,0,NO,Run Prompt Escalation Fillup
Impossible Giant Machine,9,Banana Plantation,Agriculture,FILLED (10 Ideas Linked),88,The Banana Plantation Titan Megastructure #6,FILLED,0/20 (BLANK),BLANK (Needs 1-10 Escalation),BLANK,NOT_STARTED,0,NO,Run Prompt Escalation Fillup
Impossible Giant Machine,9,Banana Plantation,Agriculture,FILLED (10 Ideas Linked),89,The Banana Plantation Titan Megastructure #7,FILLED,0/20 (BLANK),BLANK (Needs 1-10 Escalation),BLANK,NOT_STARTED,0,NO,Run Prompt Escalation Fillup
Impossible Giant Machine,9,Banana Plantation,Agriculture,FILLED (10 Ideas Linked),90,The Banana Plantation Titan Megastructure #8,FILLED,0/20 (BLANK),BLANK (Needs 1-10 Escalation),BLANK,NOT_STARTED,0,NO,Run Prompt Escalation Fillup
Impossible Giant Machine,9,Banana Plantation,Agriculture,FILLED (10 Ideas Linked),91,The Banana Plantation Titan Megastructure #9,FILLED,0/20 (BLANK),BLANK (Needs 1-10 Escalation),BLANK,NOT_STARTED,0,NO,Run Prompt Escalation Fillup
Impossible Giant Machine,9,Banana Plantation,Agriculture,FILLED (10 Ideas Linked),92,The Banana Plantation Titan Megastructure #10,FILLED,0/20 (BLANK),BLANK (Needs 1-10 Escalation),BLANK,NOT_STARTED,0,NO,Run Prompt Escalation Fillup
Impossible Giant Machine,10,Apple Orchard,Agriculture,FILLED (10 Ideas Linked),93,Orchard Moon Harvester,FILLED,0/20 (BLANK),BLANK (Needs 1-10 Escalation),BLANK,NOT_STARTED,0,NO,Run Prompt Escalation Fillup
Impossible Giant Machine,10,Apple Orchard,Agriculture,FILLED (10 Ideas Linked),94,Titan Root Sculptor,FILLED,0/20 (BLANK),BLANK (Needs 1-10 Escalation),BLANK,NOT_STARTED,0,NO,Run Prompt Escalation Fillup
Impossible Giant Machine,10,Apple Orchard,Agriculture,FILLED (10 Ideas Linked),95,Sky Orchard Shepherd,FILLED,0/20 (BLANK),BLANK (Needs 1-10 Escalation),BLANK,NOT_STARTED,0,NO,Run Prompt Escalation Fillup
Impossible Giant Machine,10,Apple Orchard,Agriculture,FILLED (10 Ideas Linked),96,Apple Gravity Elevator,FILLED,0/20 (BLANK),BLANK (Needs 1-10 Escalation),BLANK,NOT_STARTED,0,NO,Run Prompt Escalation Fillup
Impossible Giant Machine,10,Apple Orchard,Agriculture,FILLED (10 Ideas Linked),97,Colossus Pollination Wheel,FILLED,0/20 (BLANK),BLANK (Needs 1-10 Escalation),BLANK,NOT_STARTED,0,NO,Run Prompt Escalation Fillup
Impossible Giant Machine,10,Apple Orchard,Agriculture,FILLED (10 Ideas Linked),98,Orchard Time Engine,FILLED,0/20 (BLANK),BLANK (Needs 1-10 Escalation),BLANK,NOT_STARTED,0,NO,Run Prompt Escalation Fillup
Impossible Giant Machine,10,Apple Orchard,Agriculture,FILLED (10 Ideas Linked),99,Titanic Apple Sorter,FILLED,0/20 (BLANK),BLANK (Needs 1-10 Escalation),BLANK,NOT_STARTED,0,NO,Run Prompt Escalation Fillup
Impossible Giant Machine,10,Apple Orchard,Agriculture,FILLED (10 Ideas Linked),100,Solar Orchard Furnace,FILLED,0/20 (BLANK),BLANK (Needs 1-10 Escalation),BLANK,NOT_STARTED,0,NO,Run Prompt Escalation Fillup
Impossible Giant Machine,10,Apple Orchard,Agriculture,FILLED (10 Ideas Linked),101,Planetary Pruning Spider,FILLED,0/20 (BLANK),BLANK (Needs 1-10 Escalation),BLANK,NOT_STARTED,0,NO,Run Prompt Escalation Fillup
Impossible Giant Machine,10,Apple Orchard,Agriculture,FILLED (10 Ideas Linked),102,Infinite Orchard Conveyor,FILLED,0/20 (BLANK),BLANK (Needs 1-10 Escalation),BLANK,NOT_STARTED,0,NO,Run Prompt Escalation Fillup
Impossible Giant Machine,11,Sunflower Field,Agriculture,FILLED (10 Ideas Linked),103,Solar Titan Harvester,FILLED,0/20 (BLANK),BLANK (Needs 1-10 Escalation),BLANK,NOT_STARTED,0,NO,Run Prompt Escalation Fillup
Impossible Giant Machine,11,Sunflower Field,Agriculture,FILLED (10 Ideas Linked),104,Sunflower Skywheel,FILLED,0/20 (BLANK),BLANK (Needs 1-10 Escalation),BLANK,NOT_STARTED,0,NO,Run Prompt Escalation Fillup
Impossible Giant Machine,11,Sunflower Field,Agriculture,FILLED (10 Ideas Linked),105,Helios Field Cathedral,FILLED,0/20 (BLANK),BLANK (Needs 1-10 Escalation),BLANK,NOT_STARTED,0,NO,Run Prompt Escalation Fillup
Impossible Giant Machine,11,Sunflower Field,Agriculture,FILLED (10 Ideas Linked),106,Titanic Sun Tracker,FILLED,0/20 (BLANK),BLANK (Needs 1-10 Escalation),BLANK,NOT_STARTED,0,NO,Run Prompt Escalation Fillup
Impossible Giant Machine,11,Sunflower Field,Agriculture,FILLED (10 Ideas Linked),107,The Golden Root Engine,FILLED,0/20 (BLANK),BLANK (Needs 1-10 Escalation),BLANK,NOT_STARTED,0,NO,Run Prompt Escalation Fillup
Impossible Giant Machine,11,Sunflower Field,Agriculture,FILLED (10 Ideas Linked),108,Sunflower Leviathan,FILLED,0/20 (BLANK),BLANK (Needs 1-10 Escalation),BLANK,NOT_STARTED,0,NO,Run Prompt Escalation Fillup
Impossible Giant Machine,11,Sunflower Field,Agriculture,FILLED (10 Ideas Linked),109,Petal Storm Generator,FILLED,0/20 (BLANK),BLANK (Needs 1-10 Escalation),BLANK,NOT_STARTED,0,NO,Run Prompt Escalation Fillup
Impossible Giant Machine,11,Sunflower Field,Agriculture,FILLED (10 Ideas Linked),110,The Million-Arm Pollinator,FILLED,0/20 (BLANK),BLANK (Needs 1-10 Escalation),BLANK,NOT_STARTED,0,NO,Run Prompt Escalation Fillup
Impossible Giant Machine,11,Sunflower Field,Agriculture,FILLED (10 Ideas Linked),111,Colossus Seed Forge,FILLED,0/20 (BLANK),BLANK (Needs 1-10 Escalation),BLANK,NOT_STARTED,0,NO,Run Prompt Escalation Fillup
Impossible Giant Machine,11,Sunflower Field,Agriculture,FILLED (10 Ideas Linked),112,Solar Bloom Clock,FILLED,0/20 (BLANK),BLANK (Needs 1-10 Escalation),BLANK,NOT_STARTED,0,NO,Run Prompt Escalation Fillup
Impossible Giant Machine,12,Grassland,Nature,FILLED (10 Ideas Linked),113,The Grassland Tide Engine,FILLED,0/20 (BLANK),BLANK (Needs 1-10 Escalation),BLANK,NOT_STARTED,0,NO,Run Prompt Escalation Fillup
Impossible Giant Machine,12,Grassland,Nature,FILLED (10 Ideas Linked),114,Skyroot Rain Harvester,FILLED,0/20 (BLANK),BLANK (Needs 1-10 Escalation),BLANK,NOT_STARTED,0,NO,Run Prompt Escalation Fillup
Impossible Giant Machine,12,Grassland,Nature,FILLED (10 Ideas Linked),115,Prairie Wind Shepherd,FILLED,0/20 (BLANK),BLANK (Needs 1-10 Escalation),BLANK,NOT_STARTED,0,NO,Run Prompt Escalation Fillup
Impossible Giant Machine,12,Grassland,Nature,FILLED (10 Ideas Linked),116,The Buried Sunwheel,FILLED,0/20 (BLANK),BLANK (Needs 1-10 Escalation),BLANK,NOT_STARTED,0,NO,Run Prompt Escalation Fillup
Impossible Giant Machine,12,Grassland,Nature,FILLED (10 Ideas Linked),117,Thunderhoof Generator,FILLED,0/20 (BLANK),BLANK (Needs 1-10 Escalation),BLANK,NOT_STARTED,0,NO,Run Prompt Escalation Fillup
Impossible Giant Machine,12,Grassland,Nature,FILLED (10 Ideas Linked),118,Prairie Memory Engine,FILLED,0/20 (BLANK),BLANK (Needs 1-10 Escalation),BLANK,NOT_STARTED,0,NO,Run Prompt Escalation Fillup
Impossible Giant Machine,12,Grassland,Nature,FILLED (10 Ideas Linked),119,Horizon Grass Loom,FILLED,0/20 (BLANK),BLANK (Needs 1-10 Escalation),BLANK,NOT_STARTED,0,NO,Run Prompt Escalation Fillup
Impossible Giant Machine,12,Grassland,Nature,FILLED (10 Ideas Linked),120,Cloudshadow Irrigator,FILLED,0/20 (BLANK),BLANK (Needs 1-10 Escalation),BLANK,NOT_STARTED,0,NO,Run Prompt Escalation Fillup
Impossible Giant Machine,12,Grassland,Nature,FILLED (10 Ideas Linked),121,The Seed Moon,FILLED,0/20 (BLANK),BLANK (Needs 1-10 Escalation),BLANK,NOT_STARTED,0,NO,Run Prompt Escalation Fillup
Impossible Giant Machine,12,Grassland,Nature,FILLED (10 Ideas Linked),122,Prairie Planet Engine,FILLED,0/20 (BLANK),BLANK (Needs 1-10 Escalation),BLANK,NOT_STARTED,0,NO,Run Prompt Escalation Fillup
Impossible Giant Machine,13,Desert,Environment,FILLED (10 Ideas Linked),123,The Desert Titan Megastructure #1,FILLED,0/20 (BLANK),BLANK (Needs 1-10 Escalation),BLANK,NOT_STARTED,0,NO,Run Prompt Escalation Fillup
Impossible Giant Machine,13,Desert,Environment,FILLED (10 Ideas Linked),124,The Desert Titan Megastructure #2,FILLED,0/20 (BLANK),BLANK (Needs 1-10 Escalation),BLANK,NOT_STARTED,0,NO,Run Prompt Escalation Fillup
Impossible Giant Machine,13,Desert,Environment,FILLED (10 Ideas Linked),125,The Desert Titan Megastructure #3,FILLED,0/20 (BLANK),BLANK (Needs 1-10 Escalation),BLANK,NOT_STARTED,0,NO,Run Prompt Escalation Fillup
Impossible Giant Machine,13,Desert,Environment,FILLED (10 Ideas Linked),126,The Desert Titan Megastructure #4,FILLED,0/20 (BLANK),BLANK (Needs 1-10 Escalation),BLANK,NOT_STARTED,0,NO,Run Prompt Escalation Fillup
Impossible Giant Machine,13,Desert,Environment,FILLED (10 Ideas Linked),127,The Desert Titan Megastructure #5,FILLED,0/20 (BLANK),BLANK (Needs 1-10 Escalation),BLANK,NOT_STARTED,0,NO,Run Prompt Escalation Fillup
Impossible Giant Machine,13,Desert,Environment,FILLED (10 Ideas Linked),128,The Desert Titan Megastructure #6,FILLED,0/20 (BLANK),BLANK (Needs 1-10 Escalation),BLANK,NOT_STARTED,0,NO,Run Prompt Escalation Fillup
Impossible Giant Machine,13,Desert,Environment,FILLED (10 Ideas Linked),129,The Desert Titan Megastructure #7,FILLED,0/20 (BLANK),BLANK (Needs 1-10 Escalation),BLANK,NOT_STARTED,0,NO,Run Prompt Escalation Fillup
Impossible Giant Machine,13,Desert,Environment,FILLED (10 Ideas Linked),130,The Desert Titan Megastructure #8,FILLED,0/20 (BLANK),BLANK (Needs 1-10 Escalation),BLANK,NOT_STARTED,0,NO,Run Prompt Escalation Fillup
Impossible Giant Machine,13,Desert,Environment,FILLED (10 Ideas Linked),131,The Desert Titan Megastructure #9,FILLED,0/20 (BLANK),BLANK (Needs 1-10 Escalation),BLANK,NOT_STARTED,0,NO,Run Prompt Escalation Fillup
Impossible Giant Machine,13,Desert,Environment,FILLED (10 Ideas Linked),132,The Desert Titan Megastructure #10,FILLED,0/20 (BLANK),BLANK (Needs 1-10 Escalation),BLANK,NOT_STARTED,0,NO,Run Prompt Escalation Fillup
Impossible Giant Machine,14,Mountain,Environment,FILLED (1/1),[BLANK - Pending Ideas],[BLANK - Needs 10 Ideas],BLANK (0/10),0/20 [BLANK],BLANK,BLANK,PENDING_IDEAS,0,NO,Run Idea Generator to fill 10 Ideas
Impossible Giant Machine,15,Glacier,Environment,FILLED (1/1),[BLANK - Pending Ideas],[BLANK - Needs 10 Ideas],BLANK (0/10),0/20 [BLANK],BLANK,BLANK,PENDING_IDEAS,0,NO,Run Idea Generator to fill 10 Ideas
Impossible Giant Machine,16,Snowfield,Environment,FILLED (1/1),[BLANK - Pending Ideas],[BLANK - Needs 10 Ideas],BLANK (0/10),0/20 [BLANK],BLANK,BLANK,PENDING_IDEAS,0,NO,Run Idea Generator to fill 10 Ideas
Impossible Giant Machine,17,Volcano,Environment,FILLED (1/1),[BLANK - Pending Ideas],[BLANK - Needs 10 Ideas],BLANK (0/10),0/20 [BLANK],BLANK,BLANK,PENDING_IDEAS,0,NO,Run Idea Generator to fill 10 Ideas
Impossible Giant Machine,18,Sand Dune,Environment,FILLED (1/1),[BLANK - Pending Ideas],[BLANK - Needs 10 Ideas],BLANK (0/10),0/20 [BLANK],BLANK,BLANK,PENDING_IDEAS,0,NO,Run Idea Generator to fill 10 Ideas
Impossible Giant Machine,19,Island,Environment,FILLED (1/1),[BLANK - Pending Ideas],[BLANK - Needs 10 Ideas],BLANK (0/10),0/20 [BLANK],BLANK,BLANK,PENDING_IDEAS,0,NO,Run Idea Generator to fill 10 Ideas
Impossible Giant Machine,20,Ocean,Environment,FILLED (1/1),[BLANK - Pending Ideas],[BLANK - Needs 10 Ideas],BLANK (0/10),0/20 [BLANK],BLANK,BLANK,PENDING_IDEAS,0,NO,Run Idea Generator to fill 10 Ideas
Impossible Giant Machine,21,River,Environment,FILLED (1/1),[BLANK - Pending Ideas],[BLANK - Needs 10 Ideas],BLANK (0/10),0/20 [BLANK],BLANK,BLANK,PENDING_IDEAS,0,NO,Run Idea Generator to fill 10 Ideas
Impossible Giant Machine,22,Waterfall,Environment,FILLED (1/1),[BLANK - Pending Ideas],[BLANK - Needs 10 Ideas],BLANK (0/10),0/20 [BLANK],BLANK,BLANK,PENDING_IDEAS,0,NO,Run Idea Generator to fill 10 Ideas
Impossible Giant Machine,23,Swamp,Environment,FILLED (1/1),[BLANK - Pending Ideas],[BLANK - Needs 10 Ideas],BLANK (0/10),0/20 [BLANK],BLANK,BLANK,PENDING_IDEAS,0,NO,Run Idea Generator to fill 10 Ideas
Impossible Giant Machine,24,Rock Field,Environment,FILLED (1/1),[BLANK - Pending Ideas],[BLANK - Needs 10 Ideas],BLANK (0/10),0/20 [BLANK],BLANK,BLANK,PENDING_IDEAS,0,NO,Run Idea Generator to fill 10 Ideas
Impossible Giant Machine,25,Cave,Environment,FILLED (1/1),[BLANK - Pending Ideas],[BLANK - Needs 10 Ideas],BLANK (0/10),0/20 [BLANK],BLANK,BLANK,PENDING_IDEAS,0,NO,Run Idea Generator to fill 10 Ideas
Impossible Giant Machine,26,City,Infrastructure,FILLED (1/1),[BLANK - Pending Ideas],[BLANK - Needs 10 Ideas],BLANK (0/10),0/20 [BLANK],BLANK,BLANK,PENDING_IDEAS,0,NO,Run Idea Generator to fill 10 Ideas
Impossible Giant Machine,27,Skyscraper,Infrastructure,FILLED (1/1),[BLANK - Pending Ideas],[BLANK - Needs 10 Ideas],BLANK (0/10),0/20 [BLANK],BLANK,BLANK,PENDING_IDEAS,0,NO,Run Idea Generator to fill 10 Ideas
Impossible Giant Machine,28,Village,Infrastructure,FILLED (1/1),[BLANK - Pending Ideas],[BLANK - Needs 10 Ideas],BLANK (0/10),0/20 [BLANK],BLANK,BLANK,PENDING_IDEAS,0,NO,Run Idea Generator to fill 10 Ideas
Impossible Giant Machine,29,Highway,Infrastructure,FILLED (1/1),[BLANK - Pending Ideas],[BLANK - Needs 10 Ideas],BLANK (0/10),0/20 [BLANK],BLANK,BLANK,PENDING_IDEAS,0,NO,Run Idea Generator to fill 10 Ideas
Impossible Giant Machine,30,Railway,Infrastructure,FILLED (1/1),[BLANK - Pending Ideas],[BLANK - Needs 10 Ideas],BLANK (0/10),0/20 [BLANK],BLANK,BLANK,PENDING_IDEAS,0,NO,Run Idea Generator to fill 10 Ideas
Impossible Giant Machine,31,Bridge,Infrastructure,FILLED (1/1),[BLANK - Pending Ideas],[BLANK - Needs 10 Ideas],BLANK (0/10),0/20 [BLANK],BLANK,BLANK,PENDING_IDEAS,0,NO,Run Idea Generator to fill 10 Ideas
Impossible Giant Machine,32,Ship,Vehicle,FILLED (1/1),[BLANK - Pending Ideas],[BLANK - Needs 10 Ideas],BLANK (0/10),0/20 [BLANK],BLANK,BLANK,PENDING_IDEAS,0,NO,Run Idea Generator to fill 10 Ideas
Impossible Giant Machine,33,Ferry,Vehicle,FILLED (1/1),[BLANK - Pending Ideas],[BLANK - Needs 10 Ideas],BLANK (0/10),0/20 [BLANK],BLANK,BLANK,PENDING_IDEAS,0,NO,Run Idea Generator to fill 10 Ideas
Impossible Giant Machine,34,Airplane,Vehicle,FILLED (1/1),[BLANK - Pending Ideas],[BLANK - Needs 10 Ideas],BLANK (0/10),0/20 [BLANK],BLANK,BLANK,PENDING_IDEAS,0,NO,Run Idea Generator to fill 10 Ideas
Impossible Giant Machine,35,Rocket,Vehicle,FILLED (1/1),[BLANK - Pending Ideas],[BLANK - Needs 10 Ideas],BLANK (0/10),0/20 [BLANK],BLANK,BLANK,PENDING_IDEAS,0,NO,Run Idea Generator to fill 10 Ideas
Impossible Giant Machine,36,Satellite,Space,FILLED (1/1),[BLANK - Pending Ideas],[BLANK - Needs 10 Ideas],BLANK (0/10),0/20 [BLANK],BLANK,BLANK,PENDING_IDEAS,0,NO,Run Idea Generator to fill 10 Ideas
Impossible Giant Machine,37,Space Station,Space,FILLED (1/1),[BLANK - Pending Ideas],[BLANK - Needs 10 Ideas],BLANK (0/10),0/20 [BLANK],BLANK,BLANK,PENDING_IDEAS,0,NO,Run Idea Generator to fill 10 Ideas
Impossible Giant Machine,38,Moon,Space,FILLED (1/1),[BLANK - Pending Ideas],[BLANK - Needs 10 Ideas],BLANK (0/10),0/20 [BLANK],BLANK,BLANK,PENDING_IDEAS,0,NO,Run Idea Generator to fill 10 Ideas
Impossible Giant Machine,39,Sun,Space,FILLED (1/1),[BLANK - Pending Ideas],[BLANK - Needs 10 Ideas],BLANK (0/10),0/20 [BLANK],BLANK,BLANK,PENDING_IDEAS,0,NO,Run Idea Generator to fill 10 Ideas
Impossible Giant Machine,40,Cloud,Weather,FILLED (1/1),[BLANK - Pending Ideas],[BLANK - Needs 10 Ideas],BLANK (0/10),0/20 [BLANK],BLANK,BLANK,PENDING_IDEAS,0,NO,Run Idea Generator to fill 10 Ideas
Impossible Giant Machine,41,Tornado,Weather,FILLED (1/1),[BLANK - Pending Ideas],[BLANK - Needs 10 Ideas],BLANK (0/10),0/20 [BLANK],BLANK,BLANK,PENDING_IDEAS,0,NO,Run Idea Generator to fill 10 Ideas
Impossible Giant Machine,42,Storm,Weather,FILLED (1/1),[BLANK - Pending Ideas],[BLANK - Needs 10 Ideas],BLANK (0/10),0/20 [BLANK],BLANK,BLANK,PENDING_IDEAS,0,NO,Run Idea Generator to fill 10 Ideas
Impossible Giant Machine,43,Rain,Weather,FILLED (1/1),[BLANK - Pending Ideas],[BLANK - Needs 10 Ideas],BLANK (0/10),0/20 [BLANK],BLANK,BLANK,PENDING_IDEAS,0,NO,Run Idea Generator to fill 10 Ideas
Impossible Giant Machine,44,Lightning,Weather,FILLED (1/1),[BLANK - Pending Ideas],[BLANK - Needs 10 Ideas],BLANK (0/10),0/20 [BLANK],BLANK,BLANK,PENDING_IDEAS,0,NO,Run Idea Generator to fill 10 Ideas
Impossible Giant Machine,45,Fire,Physics,FILLED (1/1),[BLANK - Pending Ideas],[BLANK - Needs 10 Ideas],BLANK (0/10),0/20 [BLANK],BLANK,BLANK,PENDING_IDEAS,0,NO,Run Idea Generator to fill 10 Ideas
Impossible Giant Machine,46,Tsunami,Weather,FILLED (1/1),[BLANK - Pending Ideas],[BLANK - Needs 10 Ideas],BLANK (0/10),0/20 [BLANK],BLANK,BLANK,PENDING_IDEAS,0,NO,Run Idea Generator to fill 10 Ideas
Impossible Giant Machine,47,Earth,Space,FILLED (1/1),[BLANK - Pending Ideas],[BLANK - Needs 10 Ideas],BLANK (0/10),0/20 [BLANK],BLANK,BLANK,PENDING_IDEAS,0,NO,Run Idea Generator to fill 10 Ideas
Impossible Giant Machine,48,Planet,Space,FILLED (1/1),[BLANK - Pending Ideas],[BLANK - Needs 10 Ideas],BLANK (0/10),0/20 [BLANK],BLANK,BLANK,PENDING_IDEAS,0,NO,Run Idea Generator to fill 10 Ideas
Impossible Giant Machine,49,Time,Physics,FILLED (1/1),[BLANK - Pending Ideas],[BLANK - Needs 10 Ideas],BLANK (0/10),0/20 [BLANK],BLANK,BLANK,PENDING_IDEAS,0,NO,Run Idea Generator to fill 10 Ideas
Impossible Giant Machine,50,Gravity,Physics,FILLED (1/1),[BLANK - Pending Ideas],[BLANK - Needs 10 Ideas],BLANK (0/10),0/20 [BLANK],BLANK,BLANK,PENDING_IDEAS,0,NO,Run Idea Generator to fill 10 Ideas
Impossible Giant Machine,51,Magnet,Physics,FILLED (1/1),[BLANK - Pending Ideas],[BLANK - Needs 10 Ideas],BLANK (0/10),0/20 [BLANK],BLANK,BLANK,PENDING_IDEAS,0,NO,Run Idea Generator to fill 10 Ideas
Impossible Giant Machine,52,Crystal,Materials,FILLED (1/1),[BLANK - Pending Ideas],[BLANK - Needs 10 Ideas],BLANK (0/10),0/20 [BLANK],BLANK,BLANK,PENDING_IDEAS,0,NO,Run Idea Generator to fill 10 Ideas
Impossible Giant Machine,53,DNA,Biology,FILLED (1/1),[BLANK - Pending Ideas],[BLANK - Needs 10 Ideas],BLANK (0/10),0/20 [BLANK],BLANK,BLANK,PENDING_IDEAS,0,NO,Run Idea Generator to fill 10 Ideas
Impossible Giant Machine,54,Microbe,Biology,FILLED (1/1),[BLANK - Pending Ideas],[BLANK - Needs 10 Ideas],BLANK (0/10),0/20 [BLANK],BLANK,BLANK,PENDING_IDEAS,0,NO,Run Idea Generator to fill 10 Ideas
Impossible Giant Machine,55,Ant Colony,Biology,FILLED (1/1),[BLANK - Pending Ideas],[BLANK - Needs 10 Ideas],BLANK (0/10),0/20 [BLANK],BLANK,BLANK,PENDING_IDEAS,0,NO,Run Idea Generator to fill 10 Ideas
Impossible Giant Machine,56,Bee Colony,Biology,FILLED (1/1),[BLANK - Pending Ideas],[BLANK - Needs 10 Ideas],BLANK (0/10),0/20 [BLANK],BLANK,BLANK,PENDING_IDEAS,0,NO,Run Idea Generator to fill 10 Ideas
Impossible Giant Machine,57,Insect Swarm,Biology,FILLED (1/1),[BLANK - Pending Ideas],[BLANK - Needs 10 Ideas],BLANK (0/10),0/20 [BLANK],BLANK,BLANK,PENDING_IDEAS,0,NO,Run Idea Generator to fill 10 Ideas
Impossible Giant Machine,58,Fish School,Biology,FILLED (1/1),[BLANK - Pending Ideas],[BLANK - Needs 10 Ideas],BLANK (0/10),0/20 [BLANK],BLANK,BLANK,PENDING_IDEAS,0,NO,Run Idea Generator to fill 10 Ideas
Impossible Giant Machine,59,Whale,Biology,FILLED (1/1),[BLANK - Pending Ideas],[BLANK - Needs 10 Ideas],BLANK (0/10),0/20 [BLANK],BLANK,BLANK,PENDING_IDEAS,0,NO,Run Idea Generator to fill 10 Ideas
Impossible Giant Machine,60,Elephant,Biology,FILLED (1/1),[BLANK - Pending Ideas],[BLANK - Needs 10 Ideas],BLANK (0/10),0/20 [BLANK],BLANK,BLANK,PENDING_IDEAS,0,NO,Run Idea Generator to fill 10 Ideas
Impossible Giant Machine,61,Termite Colony,Biology,FILLED (1/1),[BLANK - Pending Ideas],[BLANK - Needs 10 Ideas],BLANK (0/10),0/20 [BLANK],BLANK,BLANK,PENDING_IDEAS,0,NO,Run Idea Generator to fill 10 Ideas
Impossible Giant Machine,62,Spider Web,Biology,FILLED (1/1),[BLANK - Pending Ideas],[BLANK - Needs 10 Ideas],BLANK (0/10),0/20 [BLANK],BLANK,BLANK,PENDING_IDEAS,0,NO,Run Idea Generator to fill 10 Ideas
Impossible Giant Machine,63,Shell,Biology,FILLED (1/1),[BLANK - Pending Ideas],[BLANK - Needs 10 Ideas],BLANK (0/10),0/20 [BLANK],BLANK,BLANK,PENDING_IDEAS,0,NO,Run Idea Generator to fill 10 Ideas
Impossible Giant Machine,64,Bird Feather,Biology,FILLED (1/1),[BLANK - Pending Ideas],[BLANK - Needs 10 Ideas],BLANK (0/10),0/20 [BLANK],BLANK,BLANK,PENDING_IDEAS,0,NO,Run Idea Generator to fill 10 Ideas
Impossible Giant Machine,65,Snake,Biology,FILLED (1/1),[BLANK - Pending Ideas],[BLANK - Needs 10 Ideas],BLANK (0/10),0/20 [BLANK],BLANK,BLANK,PENDING_IDEAS,0,NO,Run Idea Generator to fill 10 Ideas
Impossible Giant Machine,66,Reptile,Biology,FILLED (1/1),[BLANK - Pending Ideas],[BLANK - Needs 10 Ideas],BLANK (0/10),0/20 [BLANK],BLANK,BLANK,PENDING_IDEAS,0,NO,Run Idea Generator to fill 10 Ideas
Impossible Giant Machine,67,Octopus,Biology,FILLED (1/1),[BLANK - Pending Ideas],[BLANK - Needs 10 Ideas],BLANK (0/10),0/20 [BLANK],BLANK,BLANK,PENDING_IDEAS,0,NO,Run Idea Generator to fill 10 Ideas
Impossible Giant Machine,68,Root System,Nature,FILLED (1/1),[BLANK - Pending Ideas],[BLANK - Needs 10 Ideas],BLANK (0/10),0/20 [BLANK],BLANK,BLANK,PENDING_IDEAS,0,NO,Run Idea Generator to fill 10 Ideas
Impossible Giant Machine,69,Mushroom Colony,Nature,FILLED (1/1),[BLANK - Pending Ideas],[BLANK - Needs 10 Ideas],BLANK (0/10),0/20 [BLANK],BLANK,BLANK,PENDING_IDEAS,0,NO,Run Idea Generator to fill 10 Ideas
Impossible Giant Machine,70,Coral Reef,Nature,FILLED (1/1),[BLANK - Pending Ideas],[BLANK - Needs 10 Ideas],BLANK (0/10),0/20 [BLANK],BLANK,BLANK,PENDING_IDEAS,0,NO,Run Idea Generator to fill 10 Ideas
Impossible Giant Machine,71,Iceberg,Environment,FILLED (1/1),[BLANK - Pending Ideas],[BLANK - Needs 10 Ideas],BLANK (0/10),0/20 [BLANK],BLANK,BLANK,PENDING_IDEAS,0,NO,Run Idea Generator to fill 10 Ideas
Impossible Giant Machine,72,Underwater City,Infrastructure,FILLED (1/1),[BLANK - Pending Ideas],[BLANK - Needs 10 Ideas],BLANK (0/10),0/20 [BLANK],BLANK,BLANK,PENDING_IDEAS,0,NO,Run Idea Generator to fill 10 Ideas
Impossible Giant Machine,73,Factory,Industry,FILLED (1/1),[BLANK - Pending Ideas],[BLANK - Needs 10 Ideas],BLANK (0/10),0/20 [BLANK],BLANK,BLANK,PENDING_IDEAS,0,NO,Run Idea Generator to fill 10 Ideas
Impossible Giant Machine,74,Gear System,Machine,FILLED (1/1),[BLANK - Pending Ideas],[BLANK - Needs 10 Ideas],BLANK (0/10),0/20 [BLANK],BLANK,BLANK,PENDING_IDEAS,0,NO,Run Idea Generator to fill 10 Ideas
Impossible Giant Machine,75,Construction Crane,Machine,FILLED (1/1),[BLANK - Pending Ideas],[BLANK - Needs 10 Ideas],BLANK (0/10),0/20 [BLANK],BLANK,BLANK,PENDING_IDEAS,0,NO,Run Idea Generator to fill 10 Ideas
Impossible Giant Machine,76,Mining System,Industry,FILLED (1/1),[BLANK - Pending Ideas],[BLANK - Needs 10 Ideas],BLANK (0/10),0/20 [BLANK],BLANK,BLANK,PENDING_IDEAS,0,NO,Run Idea Generator to fill 10 Ideas
Impossible Giant Machine,77,Oil Field,Industry,FILLED (1/1),[BLANK - Pending Ideas],[BLANK - Needs 10 Ideas],BLANK (0/10),0/20 [BLANK],BLANK,BLANK,PENDING_IDEAS,0,NO,Run Idea Generator to fill 10 Ideas
Impossible Giant Machine,78,Conveyor Belt,Machine,FILLED (1/1),[BLANK - Pending Ideas],[BLANK - Needs 10 Ideas],BLANK (0/10),0/20 [BLANK],BLANK,BLANK,PENDING_IDEAS,0,NO,Run Idea Generator to fill 10 Ideas
Impossible Giant Machine,79,Tractor,Vehicle,FILLED (1/1),[BLANK - Pending Ideas],[BLANK - Needs 10 Ideas],BLANK (0/10),0/20 [BLANK],BLANK,BLANK,PENDING_IDEAS,0,NO,Run Idea Generator to fill 10 Ideas
Impossible Giant Machine,80,Excavator,Vehicle,FILLED (1/1),[BLANK - Pending Ideas],[BLANK - Needs 10 Ideas],BLANK (0/10),0/20 [BLANK],BLANK,BLANK,PENDING_IDEAS,0,NO,Run Idea Generator to fill 10 Ideas
Impossible Giant Machine,81,Cargo Fleet,Vehicle,FILLED (1/1),[BLANK - Pending Ideas],[BLANK - Needs 10 Ideas],BLANK (0/10),0/20 [BLANK],BLANK,BLANK,PENDING_IDEAS,0,NO,Run Idea Generator to fill 10 Ideas
Impossible Giant Machine,82,Subway,Infrastructure,FILLED (1/1),[BLANK - Pending Ideas],[BLANK - Needs 10 Ideas],BLANK (0/10),0/20 [BLANK],BLANK,BLANK,PENDING_IDEAS,0,NO,Run Idea Generator to fill 10 Ideas
Impossible Giant Machine,83,Mega Construction Site,Infrastructure,FILLED (1/1),[BLANK - Pending Ideas],[BLANK - Needs 10 Ideas],BLANK (0/10),0/20 [BLANK],BLANK,BLANK,PENDING_IDEAS,0,NO,Run Idea Generator to fill 10 Ideas
Impossible Giant Machine,84,Tower,Infrastructure,FILLED (1/1),[BLANK - Pending Ideas],[BLANK - Needs 10 Ideas],BLANK (0/10),0/20 [BLANK],BLANK,BLANK,PENDING_IDEAS,0,NO,Run Idea Generator to fill 10 Ideas
Impossible Giant Machine,85,Fortress,Infrastructure,FILLED (1/1),[BLANK - Pending Ideas],[BLANK - Needs 10 Ideas],BLANK (0/10),0/20 [BLANK],BLANK,BLANK,PENDING_IDEAS,0,NO,Run Idea Generator to fill 10 Ideas
Impossible Giant Machine,86,Stadium,Infrastructure,FILLED (1/1),[BLANK - Pending Ideas],[BLANK - Needs 10 Ideas],BLANK (0/10),0/20 [BLANK],BLANK,BLANK,PENDING_IDEAS,0,NO,Run Idea Generator to fill 10 Ideas
Impossible Giant Machine,87,Giant Wheel,Machine,FILLED (1/1),[BLANK - Pending Ideas],[BLANK - Needs 10 Ideas],BLANK (0/10),0/20 [BLANK],BLANK,BLANK,PENDING_IDEAS,0,NO,Run Idea Generator to fill 10 Ideas
Impossible Giant Machine,88,Brick Wall,Materials,FILLED (1/1),[BLANK - Pending Ideas],[BLANK - Needs 10 Ideas],BLANK (0/10),0/20 [BLANK],BLANK,BLANK,PENDING_IDEAS,0,NO,Run Idea Generator to fill 10 Ideas
Impossible Giant Machine,89,Fabric / Textile,Materials,FILLED (1/1),[BLANK - Pending Ideas],[BLANK - Needs 10 Ideas],BLANK (0/10),0/20 [BLANK],BLANK,BLANK,PENDING_IDEAS,0,NO,Run Idea Generator to fill 10 Ideas
Impossible Giant Machine,90,Warehouse,Infrastructure,FILLED (1/1),[BLANK - Pending Ideas],[BLANK - Needs 10 Ideas],BLANK (0/10),0/20 [BLANK],BLANK,BLANK,PENDING_IDEAS,0,NO,Run Idea Generator to fill 10 Ideas
Impossible Giant Machine,91,Vault,Infrastructure,FILLED (1/1),[BLANK - Pending Ideas],[BLANK - Needs 10 Ideas],BLANK (0/10),0/20 [BLANK],BLANK,BLANK,PENDING_IDEAS,0,NO,Run Idea Generator to fill 10 Ideas
Impossible Giant Machine,92,Energy Grid,Tech,FILLED (1/1),[BLANK - Pending Ideas],[BLANK - Needs 10 Ideas],BLANK (0/10),0/20 [BLANK],BLANK,BLANK,PENDING_IDEAS,0,NO,Run Idea Generator to fill 10 Ideas
Impossible Giant Machine,93,Reactor,Tech,FILLED (1/1),[BLANK - Pending Ideas],[BLANK - Needs 10 Ideas],BLANK (0/10),0/20 [BLANK],BLANK,BLANK,PENDING_IDEAS,0,NO,Run Idea Generator to fill 10 Ideas
Impossible Giant Machine,94,Solar Farm,Energy,FILLED (1/1),[BLANK - Pending Ideas],[BLANK - Needs 10 Ideas],BLANK (0/10),0/20 [BLANK],BLANK,BLANK,PENDING_IDEAS,0,NO,Run Idea Generator to fill 10 Ideas
Impossible Giant Machine,95,Wind Farm,Energy,FILLED (1/1),[BLANK - Pending Ideas],[BLANK - Needs 10 Ideas],BLANK (0/10),0/20 [BLANK],BLANK,BLANK,PENDING_IDEAS,0,NO,Run Idea Generator to fill 10 Ideas
Impossible Giant Machine,96,Tidal Energy,Energy,FILLED (1/1),[BLANK - Pending Ideas],[BLANK - Needs 10 Ideas],BLANK (0/10),0/20 [BLANK],BLANK,BLANK,PENDING_IDEAS,0,NO,Run Idea Generator to fill 10 Ideas
Impossible Giant Machine,97,Robot Swarm,Tech,FILLED (1/1),[BLANK - Pending Ideas],[BLANK - Needs 10 Ideas],BLANK (0/10),0/20 [BLANK],BLANK,BLANK,PENDING_IDEAS,0,NO,Run Idea Generator to fill 10 Ideas
Impossible Giant Machine,98,Artificial Intelligence,Tech,FILLED (1/1),[BLANK - Pending Ideas],[BLANK - Needs 10 Ideas],BLANK (0/10),0/20 [BLANK],BLANK,BLANK,PENDING_IDEAS,0,NO,Run Idea Generator to fill 10 Ideas
Impossible Giant Machine,99,Network / Web,Tech,FILLED (1/1),[BLANK - Pending Ideas],[BLANK - Needs 10 Ideas],BLANK (0/10),0/20 [BLANK],BLANK,BLANK,PENDING_IDEAS,0,NO,Run Idea Generator to fill 10 Ideas
Impossible Giant Machine,100,Infinite Loop / Self-Replicating System,Tech,FILLED (1/1),[BLANK - Pending Ideas],[BLANK - Needs 10 Ideas],BLANK (0/10),0/20 [BLANK],BLANK,BLANK,PENDING_IDEAS,0,NO,Run Idea Generator to fill 10 Ideas
