Category,Element_ID,Element_Name,Element_Group,Element_Status,Idea_ID,Idea_Title,Idea_Status,Prompts_Count,Level_10_Prompt_Status,Video_Package_Status,Task_Status,Attempt_Count,No_Retry_Lock,Next_Action
Impossible Giant Machine,1,Paddy / Rice Field,Agriculture,FILLED (10 Ideas Linked),1,Rice Titan Harvester,FILLED,20/20 (FILLED),READY (Level 10 Video Prompt Active),READY_FOR_PACKAGING,waiting_for_video,9,NO,Run Video Packager
Impossible Giant Machine,1,Paddy / Rice Field,Agriculture,FILLED (10 Ideas Linked),2,The Paddy Ocean Vacuum,FILLED,20/20 (FILLED),READY (Level 10 Video Prompt Active),READY_FOR_PACKAGING,success,5,NO,Run Video Packager
Impossible Giant Machine,1,Paddy / Rice Field,Agriculture,FILLED (10 Ideas Linked),3,Rice-Field Spider Colossus,FILLED,20/20 (FILLED),READY (Level 10 Video Prompt Active),READY_FOR_PACKAGING,success,4,NO,Run Video Packager
Impossible Giant Machine,1,Paddy / Rice Field,Agriculture,FILLED (10 Ideas Linked),4,The Monsoon Harvesting Ark,FILLED,20/20 (FILLED),READY (Level 10 Video Prompt Active),READY_FOR_PACKAGING,waiting_for_video,1,NO,Run Video Packager
Impossible Giant Machine,1,Paddy / Rice Field,Agriculture,FILLED (10 Ideas Linked),5,Paddy Ring Megaharvester,FILLED,20/20 (FILLED),READY (Level 10 Video Prompt Active),READY_FOR_PACKAGING,waiting_for_video,1,NO,Run Video Packager
Impossible Giant Machine,1,Paddy / Rice Field,Agriculture,FILLED (10 Ideas Linked),6,Sky Reaper Rice Fortress,FILLED,20/20 (FILLED),READY (Level 10 Video Prompt Active),READY_FOR_PACKAGING,waiting_for_video,0,NO,Run Video Packager
Impossible Giant Machine,1,Paddy / Rice Field,Agriculture,FILLED (10 Ideas Linked),7,The Rice Comb Superstructure,FILLED,20/20 (FILLED),READY (Level 10 Video Prompt Active),READY_FOR_PACKAGING,waiting_for_video,0,NO,Run Video Packager
Impossible Giant Machine,1,Paddy / Rice Field,Agriculture,FILLED (10 Ideas Linked),8,Paddy-Gulping Harvest Worm,FILLED,20/20 (FILLED),READY (Level 10 Video Prompt Active),READY_FOR_PACKAGING,waiting_for_video,0,NO,Run Video Packager
Impossible Giant Machine,1,Paddy / Rice Field,Agriculture,FILLED (10 Ideas Linked),9,Rice Moon Harvester,FILLED,20/20 (FILLED),READY (Level 10 Video Prompt Active),READY_FOR_PACKAGING,waiting_for_video,0,NO,Run Video Packager
Impossible Giant Machine,1,Paddy / Rice Field,Agriculture,FILLED (10 Ideas Linked),10,The Infinite Rice Factory,FILLED,20/20 (FILLED),READY (Level 10 Video Prompt Active),READY_FOR_PACKAGING,waiting_for_video,0,NO,Run Video Packager
Impossible Giant Machine,2,Forest,Nature,FILLED (10 Ideas Linked),33,The Whispering Canopy Harvester,FILLED,20/20 (FILLED),READY (Level 10 Video Prompt Active),READY_FOR_PACKAGING,NOT_STARTED,0,NO,Run Video Packager
Impossible Giant Machine,2,Forest,Nature,FILLED (10 Ideas Linked),34,The Timberland Root Walker,FILLED,20/20 (FILLED),READY (Level 10 Video Prompt Active),READY_FOR_PACKAGING,NOT_STARTED,0,NO,Run Video Packager
Impossible Giant Machine,2,Forest,Nature,FILLED (10 Ideas Linked),35,Bioluminescent Spore Fortress,FILLED,20/20 (FILLED),READY (Level 10 Video Prompt Active),READY_FOR_PACKAGING,NOT_STARTED,0,NO,Run Video Packager
Impossible Giant Machine,2,Forest,Nature,FILLED (10 Ideas Linked),36,Atmospheric Timber Leviathan,FILLED,20/20 (FILLED),READY (Level 10 Video Prompt Active),READY_FOR_PACKAGING,NOT_STARTED,0,NO,Run Video Packager
Impossible Giant Machine,2,Forest,Nature,FILLED (10 Ideas Linked),37,The Ancient Grove Siphon,FILLED,20/20 (FILLED),READY (Level 10 Video Prompt Active),READY_FOR_PACKAGING,NOT_STARTED,0,NO,Run Video Packager
Impossible Giant Machine,2,Forest,Nature,FILLED (10 Ideas Linked),38,Ironwood Deep-Root Excavator,FILLED,20/20 (FILLED),READY (Level 10 Video Prompt Active),READY_FOR_PACKAGING,NOT_STARTED,0,NO,Run Video Packager
Impossible Giant Machine,2,Forest,Nature,FILLED (10 Ideas Linked),39,Planetary Mycelial Loom,FILLED,20/20 (FILLED),READY (Level 10 Video Prompt Active),READY_FOR_PACKAGING,NOT_STARTED,0,NO,Run Video Packager
Impossible Giant Machine,2,Forest,Nature,FILLED (10 Ideas Linked),40,The Evergreen Core Furnace,FILLED,20/20 (FILLED),READY (Level 10 Video Prompt Active),READY_FOR_PACKAGING,NOT_STARTED,0,NO,Run Video Packager
Impossible Giant Machine,2,Forest,Nature,FILLED (10 Ideas Linked),41,Chrono-Bark Synthesizer,FILLED,20/20 (FILLED),READY (Level 10 Video Prompt Active),READY_FOR_PACKAGING,NOT_STARTED,0,NO,Run Video Packager
Impossible Giant Machine,2,Forest,Nature,FILLED (10 Ideas Linked),42,The World-Forest Atmospheric Crown,FILLED,20/20 (FILLED),READY (Level 10 Video Prompt Active),READY_FOR_PACKAGING,NOT_STARTED,0,NO,Run Video Packager
Impossible Giant Machine,3,Giant Tree,Nature,FILLED (10 Ideas Linked),43,Canopy Orbit Engine,FILLED,20/20 (FILLED),READY (Level 10 Video Prompt Active),READY_FOR_PACKAGING,NOT_STARTED,0,NO,Run Video Packager
Impossible Giant Machine,3,Giant Tree,Nature,FILLED (10 Ideas Linked),44,Rootway Titan,FILLED,20/20 (FILLED),READY (Level 10 Video Prompt Active),READY_FOR_PACKAGING,NOT_STARTED,0,NO,Run Video Packager
Impossible Giant Machine,3,Giant Tree,Nature,FILLED (10 Ideas Linked),45,Sun Harvester Colossus,FILLED,20/20 (FILLED),READY (Level 10 Video Prompt Active),READY_FOR_PACKAGING,NOT_STARTED,0,NO,Run Video Packager
Impossible Giant Machine,3,Giant Tree,Nature,FILLED (10 Ideas Linked),46,Cloud Rooter,FILLED,20/20 (FILLED),READY (Level 10 Video Prompt Active),READY_FOR_PACKAGING,NOT_STARTED,0,NO,Run Video Packager
Impossible Giant Machine,3,Giant Tree,Nature,FILLED (10 Ideas Linked),47,Bark Foundry,FILLED,20/20 (FILLED),READY (Level 10 Video Prompt Active),READY_FOR_PACKAGING,NOT_STARTED,0,NO,Run Video Packager
Impossible Giant Machine,3,Giant Tree,Nature,FILLED (10 Ideas Linked),48,Season Engine,FILLED,20/20 (FILLED),READY (Level 10 Video Prompt Active),READY_FOR_PACKAGING,NOT_STARTED,0,NO,Run Video Packager
Impossible Giant Machine,3,Giant Tree,Nature,FILLED (10 Ideas Linked),49,Branch Bridge Machine,FILLED,20/20 (FILLED),READY (Level 10 Video Prompt Active),READY_FOR_PACKAGING,NOT_STARTED,0,NO,Run Video Packager
Impossible Giant Machine,3,Giant Tree,Nature,FILLED (10 Ideas Linked),50,Pollinator Cathedral,FILLED,20/20 (FILLED),READY (Level 10 Video Prompt Active),READY_FOR_PACKAGING,NOT_STARTED,0,NO,Run Video Packager
Impossible Giant Machine,3,Giant Tree,Nature,FILLED (10 Ideas Linked),51,Root Memory Engine,FILLED,20/20 (FILLED),READY (Level 10 Video Prompt Active),READY_FOR_PACKAGING,NOT_STARTED,0,NO,Run Video Packager
Impossible Giant Machine,3,Giant Tree,Nature,FILLED (10 Ideas Linked),52,Worldtree Stabilizer,FILLED,20/20 (FILLED),READY (Level 10 Video Prompt Active),READY_FOR_PACKAGING,NOT_STARTED,0,NO,Run Video Packager
Impossible Giant Machine,4,Palm Tree,Nature,FILLED (10 Ideas Linked),53,Palm Titan Water Crown,FILLED,20/20 (FILLED),READY (Level 10 Video Prompt Active),READY_FOR_PACKAGING,NOT_STARTED,0,NO,Run Video Packager
Impossible Giant Machine,4,Palm Tree,Nature,FILLED (10 Ideas Linked),54,Sun Harvesting Palm Engine,FILLED,20/20 (FILLED),READY (Level 10 Video Prompt Active),READY_FOR_PACKAGING,NOT_STARTED,0,NO,Run Video Packager
Impossible Giant Machine,4,Palm Tree,Nature,FILLED (10 Ideas Linked),55,Palm Root Earth Mover,FILLED,20/20 (FILLED),READY (Level 10 Video Prompt Active),READY_FOR_PACKAGING,NOT_STARTED,0,NO,Run Video Packager
Impossible Giant Machine,4,Palm Tree,Nature,FILLED (10 Ideas Linked),56,Chrono-Palm Growth Engine,FILLED,20/20 (FILLED),READY (Level 10 Video Prompt Active),READY_FOR_PACKAGING,NOT_STARTED,0,NO,Run Video Packager
Impossible Giant Machine,4,Palm Tree,Nature,FILLED (10 Ideas Linked),57,Palm Wind Orchestra,FILLED,20/20 (FILLED),READY (Level 10 Video Prompt Active),READY_FOR_PACKAGING,NOT_STARTED,0,NO,Run Video Packager
Impossible Giant Machine,4,Palm Tree,Nature,FILLED (10 Ideas Linked),58,Celestial Coconut Launcher,FILLED,20/20 (FILLED),READY (Level 10 Video Prompt Active),READY_FOR_PACKAGING,NOT_STARTED,0,NO,Run Video Packager
Impossible Giant Machine,4,Palm Tree,Nature,FILLED (10 Ideas Linked),59,Palm Cloud Factory,FILLED,20/20 (FILLED),READY (Level 10 Video Prompt Active),READY_FOR_PACKAGING,NOT_STARTED,0,NO,Run Video Packager
Impossible Giant Machine,4,Palm Tree,Nature,FILLED (10 Ideas Linked),60,Frond Solar Sail Array,FILLED,20/20 (FILLED),READY (Level 10 Video Prompt Active),READY_FOR_PACKAGING,NOT_STARTED,0,NO,Run Video Packager
Impossible Giant Machine,4,Palm Tree,Nature,FILLED (10 Ideas Linked),61,Palm Tree Climate Reactor,FILLED,20/20 (FILLED),READY (Level 10 Video Prompt Active),READY_FOR_PACKAGING,NOT_STARTED,0,NO,Run Video Packager
Impossible Giant Machine,4,Palm Tree,Nature,FILLED (10 Ideas Linked),62,Infinite Palm Forest Seeder,FILLED,20/20 (FILLED),READY (Level 10 Video Prompt Active),READY_FOR_PACKAGING,NOT_STARTED,0,NO,Run Video Packager
Impossible Giant Machine,5,Bamboo Forest,Nature,FILLED (10 Ideas Linked),63,The Verdant Bamboo Sky-Loom,FILLED,20/20 (FILLED),READY (Level 10 Video Prompt Active),READY_FOR_PACKAGING,NOT_STARTED,0,NO,Run Video Packager
Impossible Giant Machine,5,Bamboo Forest,Nature,FILLED (10 Ideas Linked),64,Jade Spire Harvesting Spider,FILLED,20/20 (FILLED),READY (Level 10 Video Prompt Active),READY_FOR_PACKAGING,NOT_STARTED,0,NO,Run Video Packager
Impossible Giant Machine,5,Bamboo Forest,Nature,FILLED (10 Ideas Linked),65,The Bamboo Ocean Comb,FILLED,20/20 (FILLED),READY (Level 10 Video Prompt Active),READY_FOR_PACKAGING,NOT_STARTED,0,NO,Run Video Packager
Impossible Giant Machine,5,Bamboo Forest,Nature,FILLED (10 Ideas Linked),66,Hollow-Stem Resonance Engine,FILLED,20/20 (FILLED),READY (Level 10 Video Prompt Active),READY_FOR_PACKAGING,NOT_STARTED,0,NO,Run Video Packager
Impossible Giant Machine,5,Bamboo Forest,Nature,FILLED (10 Ideas Linked),67,The Emerald Stalk Harvester,FILLED,20/20 (FILLED),READY (Level 10 Video Prompt Active),READY_FOR_PACKAGING,NOT_STARTED,0,NO,Run Video Packager
Impossible Giant Machine,5,Bamboo Forest,Nature,FILLED (10 Ideas Linked),68,Bamboo Canopy Cloud-Drill,FILLED,20/20 (FILLED),READY (Level 10 Video Prompt Active),READY_FOR_PACKAGING,NOT_STARTED,0,NO,Run Video Packager
Impossible Giant Machine,5,Bamboo Forest,Nature,FILLED (10 Ideas Linked),69,The Titan Bamboo Splitter,FILLED,20/20 (FILLED),READY (Level 10 Video Prompt Active),READY_FOR_PACKAGING,NOT_STARTED,0,NO,Run Video Packager
Impossible Giant Machine,5,Bamboo Forest,Nature,FILLED (10 Ideas Linked),70,Celestial Shoot Accelerator,FILLED,20/20 (FILLED),READY (Level 10 Video Prompt Active),READY_FOR_PACKAGING,NOT_STARTED,0,NO,Run Video Packager
Impossible Giant Machine,5,Bamboo Forest,Nature,FILLED (10 Ideas Linked),71,The Bamboo Ring Leviathan,FILLED,20/20 (FILLED),READY (Level 10 Video Prompt Active),READY_FOR_PACKAGING,NOT_STARTED,0,NO,Run Video Packager
Impossible Giant Machine,5,Bamboo Forest,Nature,FILLED (10 Ideas Linked),72,The Infinite Bamboo Grove City,FILLED,20/20 (FILLED),READY (Level 10 Video Prompt Active),READY_FOR_PACKAGING,NOT_STARTED,0,NO,Run Video Packager
Impossible Giant Machine,6,Corn Field,Agriculture,FILLED (10 Ideas Linked),23,Colossal Corn Thresher Titan,FILLED,20/20 (FILLED),READY (Level 10 Video Prompt Active),READY_FOR_PACKAGING,NOT_STARTED,0,NO,Run Video Packager
Impossible Giant Machine,6,Corn Field,Agriculture,FILLED (10 Ideas Linked),24,The Solar Corn Silo Walker,FILLED,20/20 (FILLED),READY (Level 10 Video Prompt Active),READY_FOR_PACKAGING,NOT_STARTED,0,NO,Run Video Packager
Impossible Giant Machine,6,Corn Field,Agriculture,FILLED (10 Ideas Linked),133,The Golden Husk Sifter,FILLED,20/20 (FILLED),READY (Level 10 Video Prompt Active),READY_FOR_PACKAGING,NOT_STARTED,0,NO,Run Video Packager
Impossible Giant Machine,6,Corn Field,Agriculture,FILLED (10 Ideas Linked),134,The Corn Maze Planetary Combine,FILLED,20/20 (FILLED),READY (Level 10 Video Prompt Active),READY_FOR_PACKAGING,NOT_STARTED,0,NO,Run Video Packager
Impossible Giant Machine,6,Corn Field,Agriculture,FILLED (10 Ideas Linked),135,Sun-Ripened Kernel Reactor,FILLED,20/20 (FILLED),READY (Level 10 Video Prompt Active),READY_FOR_PACKAGING,NOT_STARTED,0,NO,Run Video Packager
Impossible Giant Machine,6,Corn Field,Agriculture,FILLED (10 Ideas Linked),136,The Titan Stalk Shredder,FILLED,20/20 (FILLED),READY (Level 10 Video Prompt Active),READY_FOR_PACKAGING,NOT_STARTED,0,NO,Run Video Packager
Impossible Giant Machine,6,Corn Field,Agriculture,FILLED (10 Ideas Linked),137,Cornfield Solar Furnace,FILLED,20/20 (FILLED),READY (Level 10 Video Prompt Active),READY_FOR_PACKAGING,NOT_STARTED,0,NO,Run Video Packager
Impossible Giant Machine,6,Corn Field,Agriculture,FILLED (10 Ideas Linked),138,The Atmospheric Corn Elevator,FILLED,20/20 (FILLED),READY (Level 10 Video Prompt Active),READY_FOR_PACKAGING,NOT_STARTED,0,NO,Run Video Packager
Impossible Giant Machine,6,Corn Field,Agriculture,FILLED (10 Ideas Linked),139,Golden Silk Weaving Engine,FILLED,20/20 (FILLED),READY (Level 10 Video Prompt Active),READY_FOR_PACKAGING,NOT_STARTED,0,NO,Run Video Packager
Impossible Giant Machine,6,Corn Field,Agriculture,FILLED (10 Ideas Linked),140,The Infinite Cornfield Colossus,FILLED,20/20 (FILLED),READY (Level 10 Video Prompt Active),READY_FOR_PACKAGING,NOT_STARTED,0,NO,Run Video Packager
Impossible Giant Machine,7,Wheat Field,Agriculture,FILLED (12 Ideas Linked),11,Colossal Wheat Combine Titan,FILLED,20/20 (FILLED),READY (Level 10 Video Prompt Active),READY_FOR_PACKAGING,waiting_for_video,1,NO,Run Video Packager
Impossible Giant Machine,7,Wheat Field,Agriculture,FILLED (12 Ideas Linked),12,The Solar Wheat Sifter,FILLED,20/20 (FILLED),READY (Level 10 Video Prompt Active),READY_FOR_PACKAGING,waiting_for_video,1,NO,Run Video Packager
Impossible Giant Machine,7,Wheat Field,Agriculture,FILLED (12 Ideas Linked),13,The Wheat Ocean Harvester,FILLED,20/20 (FILLED),READY (Level 10 Video Prompt Active),READY_FOR_PACKAGING,NOT_STARTED,0,NO,Run Video Packager
Impossible Giant Machine,7,Wheat Field,Agriculture,FILLED (12 Ideas Linked),14,Titan Sunwheel Irrigator,FILLED,20/20 (FILLED),READY (Level 10 Video Prompt Active),READY_FOR_PACKAGING,NOT_STARTED,0,NO,Run Video Packager
Impossible Giant Machine,7,Wheat Field,Agriculture,FILLED (12 Ideas Linked),15,Wheat Field Weather Engine,FILLED,20/20 (FILLED),READY (Level 10 Video Prompt Active),READY_FOR_PACKAGING,NOT_STARTED,0,NO,Run Video Packager
Impossible Giant Machine,7,Wheat Field,Agriculture,FILLED (12 Ideas Linked),16,The Infinite Furrow Walker,FILLED,20/20 (FILLED),READY (Level 10 Video Prompt Active),READY_FOR_PACKAGING,NOT_STARTED,0,NO,Run Video Packager
Impossible Giant Machine,7,Wheat Field,Agriculture,FILLED (12 Ideas Linked),17,Golden Grain Conveyor City,FILLED,20/20 (FILLED),READY (Level 10 Video Prompt Active),READY_FOR_PACKAGING,NOT_STARTED,0,NO,Run Video Packager
Impossible Giant Machine,7,Wheat Field,Agriculture,FILLED (12 Ideas Linked),18,Wheatfield Solar Crown,FILLED,20/20 (FILLED),READY (Level 10 Video Prompt Active),READY_FOR_PACKAGING,NOT_STARTED,0,NO,Run Video Packager
Impossible Giant Machine,7,Wheat Field,Agriculture,FILLED (12 Ideas Linked),19,The Root Network Excavator,FILLED,20/20 (FILLED),READY (Level 10 Video Prompt Active),READY_FOR_PACKAGING,NOT_STARTED,0,NO,Run Video Packager
Impossible Giant Machine,7,Wheat Field,Agriculture,FILLED (12 Ideas Linked),20,Wheat Sentinel Colossus,FILLED,20/20 (FILLED),READY (Level 10 Video Prompt Active),READY_FOR_PACKAGING,NOT_STARTED,0,NO,Run Video Packager
Impossible Giant Machine,7,Wheat Field,Agriculture,FILLED (12 Ideas Linked),21,The Atmospheric Grain Elevator,FILLED,20/20 (FILLED),READY (Level 10 Video Prompt Active),READY_FOR_PACKAGING,NOT_STARTED,0,NO,Run Video Packager
Impossible Giant Machine,7,Wheat Field,Agriculture,FILLED (12 Ideas Linked),22,Chrono-Harvest Megamachine,FILLED,20/20 (FILLED),READY (Level 10 Video Prompt Active),READY_FOR_PACKAGING,NOT_STARTED,0,NO,Run Video Packager
Impossible Giant Machine,8,Tea Garden,Agriculture,FILLED (10 Ideas Linked),73,Titanic Tea Plucking Colossus,FILLED,20/20 (FILLED),READY (Level 10 Video Prompt Active),READY_FOR_PACKAGING,NOT_STARTED,0,NO,Run Video Packager
Impossible Giant Machine,8,Tea Garden,Agriculture,FILLED (10 Ideas Linked),74,Skyloom Tea Pruning Ring,FILLED,20/20 (FILLED),READY (Level 10 Video Prompt Active),READY_FOR_PACKAGING,NOT_STARTED,0,NO,Run Video Packager
Impossible Giant Machine,8,Tea Garden,Agriculture,FILLED (10 Ideas Linked),75,Monsoon Shield Megadome,FILLED,20/20 (FILLED),READY (Level 10 Video Prompt Active),READY_FOR_PACKAGING,NOT_STARTED,0,NO,Run Video Packager
Impossible Giant Machine,8,Tea Garden,Agriculture,FILLED (10 Ideas Linked),76,Rootwater Planetary Drill,FILLED,20/20 (FILLED),READY (Level 10 Video Prompt Active),READY_FOR_PACKAGING,NOT_STARTED,0,NO,Run Video Packager
Impossible Giant Machine,8,Tea Garden,Agriculture,FILLED (10 Ideas Linked),77,Tea Garden Climate Engine,FILLED,20/20 (FILLED),READY (Level 10 Video Prompt Active),READY_FOR_PACKAGING,NOT_STARTED,0,NO,Run Video Packager
Impossible Giant Machine,8,Tea Garden,Agriculture,FILLED (10 Ideas Linked),78,Colossus Leaf Sorting Wheel,FILLED,20/20 (FILLED),READY (Level 10 Video Prompt Active),READY_FOR_PACKAGING,NOT_STARTED,0,NO,Run Video Packager
Impossible Giant Machine,8,Tea Garden,Agriculture,FILLED (10 Ideas Linked),79,Mountain Compost Walker,FILLED,20/20 (FILLED),READY (Level 10 Video Prompt Active),READY_FOR_PACKAGING,NOT_STARTED,0,NO,Run Video Packager
Impossible Giant Machine,8,Tea Garden,Agriculture,FILLED (10 Ideas Linked),80,Terrace-Shaping Earth Titan,FILLED,20/20 (FILLED),READY (Level 10 Video Prompt Active),READY_FOR_PACKAGING,NOT_STARTED,0,NO,Run Video Packager
Impossible Giant Machine,8,Tea Garden,Agriculture,FILLED (10 Ideas Linked),81,Solar Tea Harvesting Cathedral,FILLED,20/20 (FILLED),READY (Level 10 Video Prompt Active),READY_FOR_PACKAGING,NOT_STARTED,0,NO,Run Video Packager
Impossible Giant Machine,8,Tea Garden,Agriculture,FILLED (10 Ideas Linked),82,Orbital Tea Garden Caretaker,FILLED,20/20 (FILLED),READY (Level 10 Video Prompt Active),READY_FOR_PACKAGING,NOT_STARTED,0,NO,Run Video Packager
Impossible Giant Machine,9,Banana Plantation,Agriculture,FILLED (10 Ideas Linked),83,The Golden Bunch Orbital Harvester,FILLED,20/20 (FILLED),READY (Level 10 Video Prompt Active),READY_FOR_PACKAGING,NOT_STARTED,0,NO,Run Video Packager
Impossible Giant Machine,9,Banana Plantation,Agriculture,FILLED (10 Ideas Linked),84,Tropical Frond Solar Siphon,FILLED,20/20 (FILLED),READY (Level 10 Video Prompt Active),READY_FOR_PACKAGING,NOT_STARTED,0,NO,Run Video Packager
Impossible Giant Machine,9,Banana Plantation,Agriculture,FILLED (10 Ideas Linked),85,The Banana Canopy Leviathan,FILLED,20/20 (FILLED),READY (Level 10 Video Prompt Active),READY_FOR_PACKAGING,NOT_STARTED,0,NO,Run Video Packager
Impossible Giant Machine,9,Banana Plantation,Agriculture,FILLED (10 Ideas Linked),86,Plantation Monorail Harvester,FILLED,20/20 (FILLED),READY (Level 10 Video Prompt Active),READY_FOR_PACKAGING,NOT_STARTED,0,NO,Run Video Packager
Impossible Giant Machine,9,Banana Plantation,Agriculture,FILLED (10 Ideas Linked),87,The Titan Fruit Loom,FILLED,20/20 (FILLED),READY (Level 10 Video Prompt Active),READY_FOR_PACKAGING,NOT_STARTED,0,NO,Run Video Packager
Impossible Giant Machine,9,Banana Plantation,Agriculture,FILLED (10 Ideas Linked),88,Monsoon Banana Ripening Dome,FILLED,20/20 (FILLED),READY (Level 10 Video Prompt Active),READY_FOR_PACKAGING,NOT_STARTED,0,NO,Run Video Packager
Impossible Giant Machine,9,Banana Plantation,Agriculture,FILLED (10 Ideas Linked),89,The Planetary Peel Excavator,FILLED,20/20 (FILLED),READY (Level 10 Video Prompt Active),READY_FOR_PACKAGING,NOT_STARTED,0,NO,Run Video Packager
Impossible Giant Machine,9,Banana Plantation,Agriculture,FILLED (10 Ideas Linked),90,Tropical Stem Pressure Engine,FILLED,20/20 (FILLED),READY (Level 10 Video Prompt Active),READY_FOR_PACKAGING,NOT_STARTED,0,NO,Run Video Packager
Impossible Giant Machine,9,Banana Plantation,Agriculture,FILLED (10 Ideas Linked),91,The Solar Banana Conveyor,FILLED,20/20 (FILLED),READY (Level 10 Video Prompt Active),READY_FOR_PACKAGING,NOT_STARTED,0,NO,Run Video Packager
Impossible Giant Machine,9,Banana Plantation,Agriculture,FILLED (10 Ideas Linked),92,The Infinite Plantation Caretaker,FILLED,20/20 (FILLED),READY (Level 10 Video Prompt Active),READY_FOR_PACKAGING,NOT_STARTED,0,NO,Run Video Packager
Impossible Giant Machine,10,Apple Orchard,Agriculture,FILLED (10 Ideas Linked),93,Orchard Moon Harvester,FILLED,20/20 (FILLED),READY (Level 10 Video Prompt Active),READY_FOR_PACKAGING,NOT_STARTED,0,NO,Run Video Packager
Impossible Giant Machine,10,Apple Orchard,Agriculture,FILLED (10 Ideas Linked),94,Titan Root Sculptor,FILLED,20/20 (FILLED),READY (Level 10 Video Prompt Active),READY_FOR_PACKAGING,NOT_STARTED,0,NO,Run Video Packager
Impossible Giant Machine,10,Apple Orchard,Agriculture,FILLED (10 Ideas Linked),95,Sky Orchard Shepherd,FILLED,20/20 (FILLED),READY (Level 10 Video Prompt Active),READY_FOR_PACKAGING,NOT_STARTED,0,NO,Run Video Packager
Impossible Giant Machine,10,Apple Orchard,Agriculture,FILLED (10 Ideas Linked),96,Apple Gravity Elevator,FILLED,20/20 (FILLED),READY (Level 10 Video Prompt Active),READY_FOR_PACKAGING,NOT_STARTED,0,NO,Run Video Packager
Impossible Giant Machine,10,Apple Orchard,Agriculture,FILLED (10 Ideas Linked),97,Colossus Pollination Wheel,FILLED,20/20 (FILLED),READY (Level 10 Video Prompt Active),READY_FOR_PACKAGING,NOT_STARTED,0,NO,Run Video Packager
Impossible Giant Machine,10,Apple Orchard,Agriculture,FILLED (10 Ideas Linked),98,Orchard Time Engine,FILLED,20/20 (FILLED),READY (Level 10 Video Prompt Active),READY_FOR_PACKAGING,NOT_STARTED,0,NO,Run Video Packager
Impossible Giant Machine,10,Apple Orchard,Agriculture,FILLED (10 Ideas Linked),99,Titanic Apple Sorter,FILLED,20/20 (FILLED),READY (Level 10 Video Prompt Active),READY_FOR_PACKAGING,NOT_STARTED,0,NO,Run Video Packager
Impossible Giant Machine,10,Apple Orchard,Agriculture,FILLED (10 Ideas Linked),100,Solar Orchard Furnace,FILLED,20/20 (FILLED),READY (Level 10 Video Prompt Active),READY_FOR_PACKAGING,NOT_STARTED,0,NO,Run Video Packager
Impossible Giant Machine,10,Apple Orchard,Agriculture,FILLED (10 Ideas Linked),101,Planetary Pruning Spider,FILLED,20/20 (FILLED),READY (Level 10 Video Prompt Active),READY_FOR_PACKAGING,NOT_STARTED,0,NO,Run Video Packager
Impossible Giant Machine,10,Apple Orchard,Agriculture,FILLED (10 Ideas Linked),102,Infinite Orchard Conveyor,FILLED,20/20 (FILLED),READY (Level 10 Video Prompt Active),READY_FOR_PACKAGING,NOT_STARTED,0,NO,Run Video Packager
Impossible Giant Machine,11,Sunflower Field,Agriculture,FILLED (10 Ideas Linked),103,Solar Titan Harvester,FILLED,20/20 (FILLED),READY (Level 10 Video Prompt Active),READY_FOR_PACKAGING,NOT_STARTED,0,NO,Run Video Packager
Impossible Giant Machine,11,Sunflower Field,Agriculture,FILLED (10 Ideas Linked),104,Sunflower Skywheel,FILLED,20/20 (FILLED),READY (Level 10 Video Prompt Active),READY_FOR_PACKAGING,NOT_STARTED,0,NO,Run Video Packager
Impossible Giant Machine,11,Sunflower Field,Agriculture,FILLED (10 Ideas Linked),105,Helios Field Cathedral,FILLED,20/20 (FILLED),READY (Level 10 Video Prompt Active),READY_FOR_PACKAGING,NOT_STARTED,0,NO,Run Video Packager
Impossible Giant Machine,11,Sunflower Field,Agriculture,FILLED (10 Ideas Linked),106,Titanic Sun Tracker,FILLED,20/20 (FILLED),READY (Level 10 Video Prompt Active),READY_FOR_PACKAGING,NOT_STARTED,0,NO,Run Video Packager
Impossible Giant Machine,11,Sunflower Field,Agriculture,FILLED (10 Ideas Linked),107,The Golden Root Engine,FILLED,20/20 (FILLED),READY (Level 10 Video Prompt Active),READY_FOR_PACKAGING,NOT_STARTED,0,NO,Run Video Packager
Impossible Giant Machine,11,Sunflower Field,Agriculture,FILLED (10 Ideas Linked),108,Sunflower Leviathan,FILLED,20/20 (FILLED),READY (Level 10 Video Prompt Active),READY_FOR_PACKAGING,NOT_STARTED,0,NO,Run Video Packager
Impossible Giant Machine,11,Sunflower Field,Agriculture,FILLED (10 Ideas Linked),109,Petal Storm Generator,FILLED,20/20 (FILLED),READY (Level 10 Video Prompt Active),READY_FOR_PACKAGING,NOT_STARTED,0,NO,Run Video Packager
Impossible Giant Machine,11,Sunflower Field,Agriculture,FILLED (10 Ideas Linked),110,The Million-Arm Pollinator,FILLED,20/20 (FILLED),READY (Level 10 Video Prompt Active),READY_FOR_PACKAGING,NOT_STARTED,0,NO,Run Video Packager
Impossible Giant Machine,11,Sunflower Field,Agriculture,FILLED (10 Ideas Linked),111,Colossus Seed Forge,FILLED,20/20 (FILLED),READY (Level 10 Video Prompt Active),READY_FOR_PACKAGING,NOT_STARTED,0,NO,Run Video Packager
Impossible Giant Machine,11,Sunflower Field,Agriculture,FILLED (10 Ideas Linked),112,Solar Bloom Clock,FILLED,20/20 (FILLED),READY (Level 10 Video Prompt Active),READY_FOR_PACKAGING,NOT_STARTED,0,NO,Run Video Packager
Impossible Giant Machine,12,Grassland,Nature,FILLED (10 Ideas Linked),113,The Grassland Tide Engine,FILLED,20/20 (FILLED),READY (Level 10 Video Prompt Active),READY_FOR_PACKAGING,NOT_STARTED,0,NO,Run Video Packager
Impossible Giant Machine,12,Grassland,Nature,FILLED (10 Ideas Linked),114,Skyroot Rain Harvester,FILLED,20/20 (FILLED),READY (Level 10 Video Prompt Active),READY_FOR_PACKAGING,NOT_STARTED,0,NO,Run Video Packager
Impossible Giant Machine,12,Grassland,Nature,FILLED (10 Ideas Linked),115,Prairie Wind Shepherd,FILLED,20/20 (FILLED),READY (Level 10 Video Prompt Active),READY_FOR_PACKAGING,NOT_STARTED,0,NO,Run Video Packager
Impossible Giant Machine,12,Grassland,Nature,FILLED (10 Ideas Linked),116,The Buried Sunwheel,FILLED,20/20 (FILLED),READY (Level 10 Video Prompt Active),READY_FOR_PACKAGING,NOT_STARTED,0,NO,Run Video Packager
Impossible Giant Machine,12,Grassland,Nature,FILLED (10 Ideas Linked),117,Thunderhoof Generator,FILLED,20/20 (FILLED),READY (Level 10 Video Prompt Active),READY_FOR_PACKAGING,NOT_STARTED,0,NO,Run Video Packager
Impossible Giant Machine,12,Grassland,Nature,FILLED (10 Ideas Linked),118,Prairie Memory Engine,FILLED,20/20 (FILLED),READY (Level 10 Video Prompt Active),READY_FOR_PACKAGING,NOT_STARTED,0,NO,Run Video Packager
Impossible Giant Machine,12,Grassland,Nature,FILLED (10 Ideas Linked),119,Horizon Grass Loom,FILLED,20/20 (FILLED),READY (Level 10 Video Prompt Active),READY_FOR_PACKAGING,NOT_STARTED,0,NO,Run Video Packager
Impossible Giant Machine,12,Grassland,Nature,FILLED (10 Ideas Linked),120,Cloudshadow Irrigator,FILLED,20/20 (FILLED),READY (Level 10 Video Prompt Active),READY_FOR_PACKAGING,NOT_STARTED,0,NO,Run Video Packager
Impossible Giant Machine,12,Grassland,Nature,FILLED (10 Ideas Linked),121,The Seed Moon,FILLED,20/20 (FILLED),READY (Level 10 Video Prompt Active),READY_FOR_PACKAGING,NOT_STARTED,0,NO,Run Video Packager
Impossible Giant Machine,12,Grassland,Nature,FILLED (10 Ideas Linked),122,Prairie Planet Engine,FILLED,20/20 (FILLED),READY (Level 10 Video Prompt Active),READY_FOR_PACKAGING,NOT_STARTED,0,NO,Run Video Packager
Impossible Giant Machine,13,Desert,Environment,FILLED (10 Ideas Linked),123,The Dune-Swallowing Sand Leviathan,FILLED,20/20 (FILLED),READY (Level 10 Video Prompt Active),READY_FOR_PACKAGING,NOT_STARTED,0,NO,Run Video Packager
Impossible Giant Machine,13,Desert,Environment,FILLED (10 Ideas Linked),124,Solar Mirage Energy Tower,FILLED,20/20 (FILLED),READY (Level 10 Video Prompt Active),READY_FOR_PACKAGING,NOT_STARTED,0,NO,Run Video Packager
Impossible Giant Machine,13,Desert,Environment,FILLED (10 Ideas Linked),125,The Deep-Basin Moisture Siphon,FILLED,20/20 (FILLED),READY (Level 10 Video Prompt Active),READY_FOR_PACKAGING,NOT_STARTED,0,NO,Run Video Packager
Impossible Giant Machine,13,Desert,Environment,FILLED (10 Ideas Linked),126,Sandstorm Kinetic Foundry,FILLED,20/20 (FILLED),READY (Level 10 Video Prompt Active),READY_FOR_PACKAGING,NOT_STARTED,0,NO,Run Video Packager
Impossible Giant Machine,13,Desert,Environment,FILLED (10 Ideas Linked),127,The Obsidian Dune Walker,FILLED,20/20 (FILLED),READY (Level 10 Video Prompt Active),READY_FOR_PACKAGING,NOT_STARTED,0,NO,Run Video Packager
Impossible Giant Machine,13,Desert,Environment,FILLED (10 Ideas Linked),128,Crystalline Sand Sifter Titan,FILLED,20/20 (FILLED),READY (Level 10 Video Prompt Active),READY_FOR_PACKAGING,NOT_STARTED,0,NO,Run Video Packager
Impossible Giant Machine,13,Desert,Environment,FILLED (10 Ideas Linked),129,The Subterranean Aquifer Drill,FILLED,20/20 (FILLED),READY (Level 10 Video Prompt Active),READY_FOR_PACKAGING,NOT_STARTED,0,NO,Run Video Packager
Impossible Giant Machine,13,Desert,Environment,FILLED (10 Ideas Linked),130,Desert Sun-Forge Colossus,FILLED,20/20 (FILLED),READY (Level 10 Video Prompt Active),READY_FOR_PACKAGING,NOT_STARTED,0,NO,Run Video Packager
Impossible Giant Machine,13,Desert,Environment,FILLED (10 Ideas Linked),131,The Shifting Sand Ocean Ark,FILLED,10/20 (BLANK),READY (Level 10 Video Prompt Active),READY_FOR_PACKAGING,NOT_STARTED,0,NO,Run Video Packager
Impossible Giant Machine,13,Desert,Environment,FILLED (10 Ideas Linked),132,The Infinite Desert Terraformer,FILLED,20/20 (FILLED),READY (Level 10 Video Prompt Active),READY_FOR_PACKAGING,NOT_STARTED,0,NO,Run Video Packager
Impossible Giant Machine,14,Mountain,Environment,FILLED (11 Ideas Linked),141,The Mountain Storm Harvester Citadel,FILLED,10/20 (BLANK),READY (Level 10 Video Prompt Active),READY_FOR_PACKAGING,NOT_STARTED,0,NO,Run Video Packager
Impossible Giant Machine,14,Mountain,Environment,FILLED (11 Ideas Linked),142,The Continental Skybridge,FILLED,10/20 (BLANK),READY (Level 10 Video Prompt Active),READY_FOR_PACKAGING,NOT_STARTED,0,NO,Run Video Packager
Impossible Giant Machine,14,Mountain,Environment,FILLED (11 Ideas Linked),143,The Avalanche Bastion,FILLED,10/20 (BLANK),READY (Level 10 Video Prompt Active),READY_FOR_PACKAGING,NOT_STARTED,0,NO,Run Video Packager
Impossible Giant Machine,14,Mountain,Environment,FILLED (11 Ideas Linked),144,The Strata Observatory,FILLED,10/20 (BLANK),READY (Level 10 Video Prompt Active),READY_FOR_PACKAGING,NOT_STARTED,0,NO,Run Video Packager
Impossible Giant Machine,14,Mountain,Environment,FILLED (11 Ideas Linked),145,The Deeproot Burrower,FILLED,10/20 (BLANK),READY (Level 10 Video Prompt Active),READY_FOR_PACKAGING,NOT_STARTED,0,NO,Run Video Packager
Impossible Giant Machine,14,Mountain,Environment,FILLED (11 Ideas Linked),146,The Alpine Relocation Engine,FILLED,10/20 (BLANK),READY (Level 10 Video Prompt Active),READY_FOR_PACKAGING,NOT_STARTED,0,NO,Run Video Packager
Impossible Giant Machine,14,Mountain,Environment,FILLED (11 Ideas Linked),147,The Cloudveil Canopy,FILLED,10/20 (BLANK),READY (Level 10 Video Prompt Active),READY_FOR_PACKAGING,NOT_STARTED,0,NO,Run Video Packager
Impossible Giant Machine,14,Mountain,Environment,FILLED (11 Ideas Linked),148,The Glacier Spine,FILLED,10/20 (BLANK),READY (Level 10 Video Prompt Active),READY_FOR_PACKAGING,NOT_STARTED,0,NO,Run Video Packager
Impossible Giant Machine,14,Mountain,Environment,FILLED (11 Ideas Linked),149,The Summit Honeycomb,FILLED,10/20 (BLANK),READY (Level 10 Video Prompt Active),READY_FOR_PACKAGING,NOT_STARTED,0,NO,Run Video Packager
Impossible Giant Machine,14,Mountain,Environment,FILLED (11 Ideas Linked),150,The Mountain Recycling Mill,FILLED,10/20 (BLANK),READY (Level 10 Video Prompt Active),READY_FOR_PACKAGING,NOT_STARTED,0,NO,Run Video Packager
Impossible Giant Machine,14,Mountain,Environment,FILLED (11 Ideas Linked),151,The Aerial Ridge Carrier,FILLED,10/20 (BLANK),READY (Level 10 Video Prompt Active),READY_FOR_PACKAGING,NOT_STARTED,0,NO,Run Video Packager
Impossible Giant Machine,15,Glacier,Environment,FILLED (10 Ideas Linked),152,The Glacier Span Engine,FILLED,10/20 (BLANK),READY (Level 10 Video Prompt Active),READY_FOR_PACKAGING,NOT_STARTED,0,NO,Run Video Packager
Impossible Giant Machine,15,Glacier,Environment,FILLED (10 Ideas Linked),153,Cryosphere Preservation Array,FILLED,10/20 (BLANK),READY (Level 10 Video Prompt Active),READY_FOR_PACKAGING,NOT_STARTED,0,NO,Run Video Packager
Impossible Giant Machine,15,Glacier,Environment,FILLED (10 Ideas Linked),154,The Iceflow Relocation Spine,FILLED,10/20 (BLANK),READY (Level 10 Video Prompt Active),READY_FOR_PACKAGING,NOT_STARTED,0,NO,Run Video Packager
Impossible Giant Machine,15,Glacier,Environment,FILLED (10 Ideas Linked),155,Meltwater Recycling Cathedral,FILLED,10/20 (BLANK),READY (Level 10 Video Prompt Active),READY_FOR_PACKAGING,NOT_STARTED,0,NO,Run Video Packager
Impossible Giant Machine,15,Glacier,Environment,FILLED (10 Ideas Linked),156,Subglacial Cartographer,FILLED,10/20 (BLANK),READY (Level 10 Video Prompt Active),READY_FOR_PACKAGING,NOT_STARTED,0,NO,Run Video Packager
Impossible Giant Machine,15,Glacier,Environment,FILLED (10 Ideas Linked),157,Frostforge Replacement Platform,FILLED,10/20 (BLANK),READY (Level 10 Video Prompt Active),READY_FOR_PACKAGING,NOT_STARTED,0,NO,Run Video Packager
Impossible Giant Machine,15,Glacier,Environment,FILLED (10 Ideas Linked),158,Avalanche Shield Walker,FILLED,10/20 (BLANK),READY (Level 10 Video Prompt Active),READY_FOR_PACKAGING,NOT_STARTED,0,NO,Run Video Packager
Impossible Giant Machine,15,Glacier,Environment,FILLED (10 Ideas Linked),159,Glacial Sediment Conveyor,FILLED,10/20 (BLANK),READY (Level 10 Video Prompt Active),READY_FOR_PACKAGING,NOT_STARTED,0,NO,Run Video Packager
Impossible Giant Machine,15,Glacier,Environment,FILLED (10 Ideas Linked),160,Aurora Cooling Tower,FILLED,10/20 (BLANK),READY (Level 10 Video Prompt Active),READY_FOR_PACKAGING,NOT_STARTED,0,NO,Run Video Packager
Impossible Giant Machine,15,Glacier,Environment,FILLED (10 Ideas Linked),161,Glacier-Turning Terraformer,FILLED,10/20 (BLANK),READY (Level 10 Video Prompt Active),READY_FOR_PACKAGING,NOT_STARTED,0,NO,Run Video Packager
Impossible Giant Machine,16,Snowfield,Environment,FILLED (10 Ideas Linked),162,Whitewater Snow Bridge,FILLED,10/20 (BLANK),READY (Level 10 Video Prompt Active),READY_FOR_PACKAGING,NOT_STARTED,0,NO,Run Video Packager
Impossible Giant Machine,16,Snowfield,Environment,FILLED (10 Ideas Linked),163,Frostline Observatory,FILLED,10/20 (BLANK),READY (Level 10 Video Prompt Active),READY_FOR_PACKAGING,NOT_STARTED,0,NO,Run Video Packager
Impossible Giant Machine,16,Snowfield,Environment,FILLED (10 Ideas Linked),164,Cirrus Snow Ring,FILLED,10/20 (BLANK),READY (Level 10 Video Prompt Active),READY_FOR_PACKAGING,NOT_STARTED,0,NO,Run Video Packager
Impossible Giant Machine,16,Snowfield,Environment,FILLED (10 Ideas Linked),165,Buried Permafrost Recycler,FILLED,10/20 (BLANK),READY (Level 10 Video Prompt Active),READY_FOR_PACKAGING,NOT_STARTED,0,NO,Run Video Packager
Impossible Giant Machine,16,Snowfield,Environment,FILLED (10 Ideas Linked),166,Avalanche Shepherd,FILLED,10/20 (BLANK),READY (Level 10 Video Prompt Active),READY_FOR_PACKAGING,NOT_STARTED,0,NO,Run Video Packager
Impossible Giant Machine,16,Snowfield,Environment,FILLED (10 Ideas Linked),167,Polar Snow Canopy,FILLED,10/20 (BLANK),READY (Level 10 Video Prompt Active),READY_FOR_PACKAGING,NOT_STARTED,0,NO,Run Video Packager
Impossible Giant Machine,16,Snowfield,Environment,FILLED (10 Ideas Linked),168,Endless Frost Spine,FILLED,10/20 (BLANK),READY (Level 10 Video Prompt Active),READY_FOR_PACKAGING,NOT_STARTED,0,NO,Run Video Packager
Impossible Giant Machine,16,Snowfield,Environment,FILLED (10 Ideas Linked),169,Snowcomb Waterworks,FILLED,10/20 (BLANK),READY (Level 10 Video Prompt Active),READY_FOR_PACKAGING,NOT_STARTED,0,NO,Run Video Packager
Impossible Giant Machine,16,Snowfield,Environment,FILLED (10 Ideas Linked),170,Driftway Crawler,FILLED,10/20 (BLANK),READY (Level 10 Video Prompt Active),READY_FOR_PACKAGING,NOT_STARTED,0,NO,Run Video Packager
Impossible Giant Machine,16,Snowfield,Environment,FILLED (10 Ideas Linked),171,Snowfield Terraformer,FILLED,10/20 (BLANK),READY (Level 10 Video Prompt Active),READY_FOR_PACKAGING,NOT_STARTED,0,NO,Run Video Packager
Impossible Giant Machine,17,Volcano,Environment,FILLED (10 Ideas Linked),172,Lava Veil Canopy,FILLED,10/20 (BLANK),READY (Level 10 Video Prompt Active),READY_FOR_PACKAGING,NOT_STARTED,0,NO,Run Video Packager
Impossible Giant Machine,17,Volcano,Environment,FILLED (10 Ideas Linked),173,Magma Circulation Ring,FILLED,10/20 (BLANK),READY (Level 10 Video Prompt Active),READY_FOR_PACKAGING,NOT_STARTED,0,NO,Run Video Packager
Impossible Giant Machine,17,Volcano,Environment,FILLED (10 Ideas Linked),174,Volcanic Spineway,FILLED,10/20 (BLANK),READY (Level 10 Video Prompt Active),READY_FOR_PACKAGING,NOT_STARTED,0,NO,Run Video Packager
Impossible Giant Machine,17,Volcano,Environment,FILLED (10 Ideas Linked),175,Ashfall Observatory Tower,FILLED,10/20 (BLANK),READY (Level 10 Video Prompt Active),READY_FOR_PACKAGING,NOT_STARTED,0,NO,Run Video Packager
Impossible Giant Machine,17,Volcano,Environment,FILLED (10 Ideas Linked),176,Basalt Burrower Network,FILLED,10/20 (BLANK),READY (Level 10 Video Prompt Active),READY_FOR_PACKAGING,NOT_STARTED,0,NO,Run Video Packager
Impossible Giant Machine,17,Volcano,Environment,FILLED (10 Ideas Linked),177,Eruption Bridgekeeper,FILLED,10/20 (BLANK),READY (Level 10 Video Prompt Active),READY_FOR_PACKAGING,NOT_STARTED,0,NO,Run Video Packager
Impossible Giant Machine,17,Volcano,Environment,FILLED (10 Ideas Linked),178,Obsidian Walking Sentinel,FILLED,10/20 (BLANK),READY (Level 10 Video Prompt Active),READY_FOR_PACKAGING,NOT_STARTED,0,NO,Run Video Packager
Impossible Giant Machine,17,Volcano,Environment,FILLED (10 Ideas Linked),179,Crater Honeycomb Forge,FILLED,10/20 (BLANK),READY (Level 10 Video Prompt Active),READY_FOR_PACKAGING,NOT_STARTED,0,NO,Run Video Packager
Impossible Giant Machine,17,Volcano,Environment,FILLED (10 Ideas Linked),180,Skyborne Lava Mapper,FILLED,10/20 (BLANK),READY (Level 10 Video Prompt Active),READY_FOR_PACKAGING,NOT_STARTED,0,NO,Run Video Packager
Impossible Giant Machine,17,Volcano,Environment,FILLED (10 Ideas Linked),181,Volcano Terraform Crawler,FILLED,10/20 (BLANK),READY (Level 10 Video Prompt Active),READY_FOR_PACKAGING,NOT_STARTED,0,NO,Run Video Packager
Impossible Giant Machine,18,Sand Dune,Environment,FILLED (10 Ideas Linked),182,Dune Migration Stabilizer,FILLED,10/20 (BLANK),READY (Level 10 Video Prompt Active),READY_FOR_PACKAGING,NOT_STARTED,0,NO,Run Video Packager
Impossible Giant Machine,18,Sand Dune,Environment,FILLED (10 Ideas Linked),183,Sandshell Climate Canopy,FILLED,10/20 (BLANK),READY (Level 10 Video Prompt Active),READY_FOR_PACKAGING,NOT_STARTED,0,NO,Run Video Packager
Impossible Giant Machine,18,Sand Dune,Environment,FILLED (10 Ideas Linked),184,Obsidian Dune Burrower,FILLED,10/20 (BLANK),READY (Level 10 Video Prompt Active),READY_FOR_PACKAGING,NOT_STARTED,0,NO,Run Video Packager
Impossible Giant Machine,18,Sand Dune,Environment,FILLED (10 Ideas Linked),185,Golden Ridge Observation Spire,FILLED,10/20 (BLANK),READY (Level 10 Video Prompt Active),READY_FOR_PACKAGING,NOT_STARTED,0,NO,Run Video Packager
Impossible Giant Machine,18,Sand Dune,Environment,FILLED (10 Ideas Linked),186,Desert Veil Protection Ring,FILLED,10/20 (BLANK),READY (Level 10 Video Prompt Active),READY_FOR_PACKAGING,NOT_STARTED,0,NO,Run Video Packager
Impossible Giant Machine,18,Sand Dune,Environment,FILLED (10 Ideas Linked),187,Dune River Bridgekeeper,FILLED,10/20 (BLANK),READY (Level 10 Video Prompt Active),READY_FOR_PACKAGING,NOT_STARTED,0,NO,Run Video Packager
Impossible Giant Machine,18,Sand Dune,Environment,FILLED (10 Ideas Linked),188,Sahara Sand Memory Archive,FILLED,10/20 (BLANK),READY (Level 10 Video Prompt Active),READY_FOR_PACKAGING,NOT_STARTED,0,NO,Run Video Packager
Impossible Giant Machine,18,Sand Dune,Environment,FILLED (10 Ideas Linked),189,Duneforming Spiral Engine,FILLED,10/20 (BLANK),READY (Level 10 Video Prompt Active),READY_FOR_PACKAGING,NOT_STARTED,0,NO,Run Video Packager
Impossible Giant Machine,18,Sand Dune,Environment,FILLED (10 Ideas Linked),190,Aerial Mirage Survey Platform,FILLED,10/20 (BLANK),READY (Level 10 Video Prompt Active),READY_FOR_PACKAGING,NOT_STARTED,0,NO,Run Video Packager
Impossible Giant Machine,18,Sand Dune,Environment,FILLED (10 Ideas Linked),191,Infinite Sand Renewal Engine,FILLED,10/20 (BLANK),READY (Level 10 Video Prompt Active),READY_FOR_PACKAGING,NOT_STARTED,0,NO,Run Video Packager
Impossible Giant Machine,19,Island,Environment,FILLED (10 Ideas Linked),192,Island Veil Climate Ring,FILLED,10/20 (BLANK),READY (Level 10 Video Prompt Active),READY_FOR_PACKAGING,NOT_STARTED,0,NO,Run Video Packager
Impossible Giant Machine,19,Island,Environment,FILLED (10 Ideas Linked),193,Archipelago Memory Tower,FILLED,10/20 (BLANK),READY (Level 10 Video Prompt Active),READY_FOR_PACKAGING,NOT_STARTED,0,NO,Run Video Packager
Impossible Giant Machine,19,Island,Environment,FILLED (10 Ideas Linked),194,Subsurface Island Renewal Burrower,FILLED,10/20 (BLANK),READY (Level 10 Video Prompt Active),READY_FOR_PACKAGING,NOT_STARTED,0,NO,Run Video Packager
Impossible Giant Machine,19,Island,Environment,FILLED (10 Ideas Linked),195,Oceanroot Island Bridgekeeper,FILLED,10/20 (BLANK),READY (Level 10 Video Prompt Active),READY_FOR_PACKAGING,NOT_STARTED,0,NO,Run Video Packager
Impossible Giant Machine,19,Island,Environment,FILLED (10 Ideas Linked),196,Floating Island Sky Canopy,FILLED,10/20 (BLANK),READY (Level 10 Video Prompt Active),READY_FOR_PACKAGING,NOT_STARTED,0,NO,Run Video Packager
Impossible Giant Machine,19,Island,Environment,FILLED (10 Ideas Linked),197,Island Mosaic Recycling Hive,FILLED,10/20 (BLANK),READY (Level 10 Video Prompt Active),READY_FOR_PACKAGING,NOT_STARTED,0,NO,Run Video Packager
Impossible Giant Machine,19,Island,Environment,FILLED (10 Ideas Linked),198,Tidal Island Migration Engine,FILLED,10/20 (BLANK),READY (Level 10 Video Prompt Active),READY_FOR_PACKAGING,NOT_STARTED,0,NO,Run Video Packager
Impossible Giant Machine,19,Island,Environment,FILLED (10 Ideas Linked),199,Island Spine Terraformer,FILLED,10/20 (BLANK),READY (Level 10 Video Prompt Active),READY_FOR_PACKAGING,NOT_STARTED,0,NO,Run Video Packager
Impossible Giant Machine,19,Island,Environment,FILLED (10 Ideas Linked),200,Island Horizon Survey Ark,FILLED,10/20 (BLANK),READY (Level 10 Video Prompt Active),READY_FOR_PACKAGING,NOT_STARTED,0,NO,Run Video Packager
Impossible Giant Machine,19,Island,Environment,FILLED (10 Ideas Linked),201,The Island Fabrication Walker,FILLED,10/20 (BLANK),READY (Level 10 Video Prompt Active),READY_FOR_PACKAGING,NOT_STARTED,0,NO,Run Video Packager
Impossible Giant Machine,20,Ocean,Environment,FILLED (10 Ideas Linked),202,Abyssal Reef Reconstruction Walker,FILLED,10/20 (BLANK),READY (Level 10 Video Prompt Active),READY_FOR_PACKAGING,NOT_STARTED,0,NO,Run Video Packager
Impossible Giant Machine,20,Ocean,Environment,FILLED (10 Ideas Linked),203,Ocean Horizon Shield Ring,FILLED,10/20 (BLANK),READY (Level 10 Video Prompt Active),READY_FOR_PACKAGING,NOT_STARTED,0,NO,Run Video Packager
Impossible Giant Machine,20,Ocean,Environment,FILLED (10 Ideas Linked),204,Deep Current Burrower,FILLED,10/20 (BLANK),READY (Level 10 Video Prompt Active),READY_FOR_PACKAGING,NOT_STARTED,0,NO,Run Video Packager
Impossible Giant Machine,20,Ocean,Environment,FILLED (10 Ideas Linked),205,Marine Memory Observation Spire,FILLED,10/20 (BLANK),READY (Level 10 Video Prompt Active),READY_FOR_PACKAGING,NOT_STARTED,0,NO,Run Video Packager
Impossible Giant Machine,20,Ocean,Environment,FILLED (10 Ideas Linked),206,Floating Tidal Transit Bridge,FILLED,10/20 (BLANK),READY (Level 10 Video Prompt Active),READY_FOR_PACKAGING,NOT_STARTED,0,NO,Run Video Packager
Impossible Giant Machine,20,Ocean,Environment,FILLED (10 Ideas Linked),207,Cloudwater Ocean Canopy,FILLED,10/20 (BLANK),READY (Level 10 Video Prompt Active),READY_FOR_PACKAGING,NOT_STARTED,0,NO,Run Video Packager
Impossible Giant Machine,20,Ocean,Environment,FILLED (10 Ideas Linked),208,Seafloor Honeycomb Renewal Hive,FILLED,10/20 (BLANK),READY (Level 10 Video Prompt Active),READY_FOR_PACKAGING,NOT_STARTED,0,NO,Run Video Packager
Impossible Giant Machine,20,Ocean,Environment,FILLED (10 Ideas Linked),209,Oceanic Migration Engine,FILLED,10/20 (BLANK),READY (Level 10 Video Prompt Active),READY_FOR_PACKAGING,NOT_STARTED,0,NO,Run Video Packager
Impossible Giant Machine,20,Ocean,Environment,FILLED (10 Ideas Linked),210,Waveborne Transformation Spindle,FILLED,10/20 (BLANK),READY (Level 10 Video Prompt Active),READY_FOR_PACKAGING,NOT_STARTED,0,NO,Run Video Packager
Impossible Giant Machine,20,Ocean,Environment,FILLED (10 Ideas Linked),211,Oceanic Sky Survey Ark,FILLED,10/20 (BLANK),READY (Level 10 Video Prompt Active),READY_FOR_PACKAGING,NOT_STARTED,0,NO,Run Video Packager
Impossible Giant Machine,21,River,Environment,FILLED (10 Ideas Linked),212,Riverfold Megabridge,FILLED,10/20 (BLANK),READY (Level 10 Video Prompt Active),READY_FOR_PACKAGING,NOT_STARTED,0,NO,Run Video Packager
Impossible Giant Machine,21,River,Environment,FILLED (10 Ideas Linked),213,Aquifer Root Burrower,FILLED,10/20 (BLANK),READY (Level 10 Video Prompt Active),READY_FOR_PACKAGING,NOT_STARTED,0,NO,Run Video Packager
Impossible Giant Machine,21,River,Environment,FILLED (10 Ideas Linked),214,River Guardian Canopy,FILLED,10/20 (BLANK),READY (Level 10 Video Prompt Active),READY_FOR_PACKAGING,NOT_STARTED,0,NO,Run Video Packager
Impossible Giant Machine,21,River,Environment,FILLED (10 Ideas Linked),215,Flowweave Spiral Engine,FILLED,10/20 (BLANK),READY (Level 10 Video Prompt Active),READY_FOR_PACKAGING,NOT_STARTED,0,NO,Run Video Packager
Impossible Giant Machine,21,River,Environment,FILLED (10 Ideas Linked),216,Crystal River Memory Tower,FILLED,10/20 (BLANK),READY (Level 10 Video Prompt Active),READY_FOR_PACKAGING,NOT_STARTED,0,NO,Run Video Packager
Impossible Giant Machine,21,River,Environment,FILLED (10 Ideas Linked),217,The Riverbone Spine,FILLED,10/20 (BLANK),READY (Level 10 Video Prompt Active),READY_FOR_PACKAGING,NOT_STARTED,0,NO,Run Video Packager
Impossible Giant Machine,21,River,Environment,FILLED (10 Ideas Linked),218,Floodglass Shield Array,FILLED,10/20 (BLANK),READY (Level 10 Video Prompt Active),READY_FOR_PACKAGING,NOT_STARTED,0,NO,Run Video Packager
Impossible Giant Machine,21,River,Environment,FILLED (10 Ideas Linked),219,River Recycling Hive,FILLED,10/20 (BLANK),READY (Level 10 Video Prompt Active),READY_FOR_PACKAGING,NOT_STARTED,0,NO,Run Video Packager
Impossible Giant Machine,21,River,Environment,FILLED (10 Ideas Linked),220,Currentway Transport Walker,FILLED,10/20 (BLANK),READY (Level 10 Video Prompt Active),READY_FOR_PACKAGING,NOT_STARTED,0,NO,Run Video Packager
Impossible Giant Machine,21,River,Environment,FILLED (10 Ideas Linked),221,Skyborne River Survey Ark,FILLED,10/20 (BLANK),READY (Level 10 Video Prompt Active),READY_FOR_PACKAGING,NOT_STARTED,0,NO,Run Video Packager
Impossible Giant Machine,22,Waterfall,Environment,FILLED (10 Ideas Linked),222,Cascade Memory Observatory,FILLED,10/20 (BLANK),READY (Level 10 Video Prompt Active),READY_FOR_PACKAGING,NOT_STARTED,0,NO,Run Video Packager
Impossible Giant Machine,22,Waterfall,Environment,FILLED (10 Ideas Linked),223,Aqua Bridge Renewal Arc,FILLED,10/20 (BLANK),READY (Level 10 Video Prompt Active),READY_FOR_PACKAGING,NOT_STARTED,0,NO,Run Video Packager
Impossible Giant Machine,22,Waterfall,Environment,FILLED (10 Ideas Linked),224,The Fallingwater Spiral Engine,FILLED,10/20 (BLANK),READY (Level 10 Video Prompt Active),READY_FOR_PACKAGING,NOT_STARTED,0,NO,Run Video Packager
Impossible Giant Machine,22,Waterfall,Environment,FILLED (10 Ideas Linked),225,Mistveil Canopy Network,FILLED,10/20 (BLANK),READY (Level 10 Video Prompt Active),READY_FOR_PACKAGING,NOT_STARTED,0,NO,Run Video Packager
Impossible Giant Machine,22,Waterfall,Environment,FILLED (10 Ideas Linked),226,Cascade Burrower Array,FILLED,10/20 (BLANK),READY (Level 10 Video Prompt Active),READY_FOR_PACKAGING,NOT_STARTED,0,NO,Run Video Packager
Impossible Giant Machine,22,Waterfall,Environment,FILLED (10 Ideas Linked),227,Riverfall Guardian Walker,FILLED,10/20 (BLANK),READY (Level 10 Video Prompt Active),READY_FOR_PACKAGING,NOT_STARTED,0,NO,Run Video Packager
Impossible Giant Machine,22,Waterfall,Environment,FILLED (10 Ideas Linked),228,Hydroglass Replacement Cascade,FILLED,10/20 (BLANK),READY (Level 10 Video Prompt Active),READY_FOR_PACKAGING,NOT_STARTED,0,NO,Run Video Packager
Impossible Giant Machine,22,Waterfall,Environment,FILLED (10 Ideas Linked),229,Waterfall Honeycomb Restoration Hive,FILLED,10/20 (BLANK),READY (Level 10 Video Prompt Active),READY_FOR_PACKAGING,NOT_STARTED,0,NO,Run Video Packager
Impossible Giant Machine,22,Waterfall,Environment,FILLED (10 Ideas Linked),230,Cascadeway Transport Serpent,FILLED,10/20 (BLANK),READY (Level 10 Video Prompt Active),READY_FOR_PACKAGING,NOT_STARTED,0,NO,Run Video Packager
Impossible Giant Machine,22,Waterfall,Environment,FILLED (10 Ideas Linked),231,Skyborne Waterfall Survey Ark,FILLED,10/20 (BLANK),READY (Level 10 Video Prompt Active),READY_FOR_PACKAGING,NOT_STARTED,0,NO,Run Video Packager
Impossible Giant Machine,23,Swamp,Environment,FILLED (10 Ideas Linked),232,Marshway Floating Bridge Network,FILLED,10/20 (BLANK),READY (Level 10 Video Prompt Active),READY_FOR_PACKAGING,NOT_STARTED,0,NO,Run Video Packager
Impossible Giant Machine,23,Swamp,Environment,FILLED (10 Ideas Linked),233,Verdant Mist Observation Spire,FILLED,10/20 (BLANK),READY (Level 10 Video Prompt Active),READY_FOR_PACKAGING,NOT_STARTED,0,NO,Run Video Packager
Impossible Giant Machine,23,Swamp,Environment,FILLED (10 Ideas Linked),234,Rootline Subsurface Regulator,FILLED,10/20 (BLANK),READY (Level 10 Video Prompt Active),READY_FOR_PACKAGING,NOT_STARTED,0,NO,Run Video Packager
Impossible Giant Machine,23,Swamp,Environment,FILLED (10 Ideas Linked),235,Bogwarden Walking Habitat Keeper,FILLED,10/20 (BLANK),READY (Level 10 Video Prompt Active),READY_FOR_PACKAGING,NOT_STARTED,0,NO,Run Video Packager
Impossible Giant Machine,23,Swamp,Environment,FILLED (10 Ideas Linked),236,Canopy Veil Water Renewal Array,FILLED,10/20 (BLANK),READY (Level 10 Video Prompt Active),READY_FOR_PACKAGING,NOT_STARTED,0,NO,Run Video Packager
Impossible Giant Machine,23,Swamp,Environment,FILLED (10 Ideas Linked),237,Marsh Serpent Restoration Spine,FILLED,10/20 (BLANK),READY (Level 10 Video Prompt Active),READY_FOR_PACKAGING,NOT_STARTED,0,NO,Run Video Packager
Impossible Giant Machine,23,Swamp,Environment,FILLED (10 Ideas Linked),238,Swampglass Renewal Hive,FILLED,10/20 (BLANK),READY (Level 10 Video Prompt Active),READY_FOR_PACKAGING,NOT_STARTED,0,NO,Run Video Packager
Impossible Giant Machine,23,Swamp,Environment,FILLED (10 Ideas Linked),239,Mirecrawler Terraform Engine,FILLED,10/20 (BLANK),READY (Level 10 Video Prompt Active),READY_FOR_PACKAGING,NOT_STARTED,0,NO,Run Video Packager
Impossible Giant Machine,23,Swamp,Environment,FILLED (10 Ideas Linked),240,Aerial Marsh Survey Ark,FILLED,10/20 (BLANK),READY (Level 10 Video Prompt Active),READY_FOR_PACKAGING,NOT_STARTED,0,NO,Run Video Packager
Impossible Giant Machine,23,Swamp,Environment,FILLED (10 Ideas Linked),241,Wetland Orbit Reclamation Ring,FILLED,0/20 (BLANK),BLANK (Needs 1-10 Escalation),BLANK,NOT_STARTED,0,NO,Run Prompt Escalation Fillup
Impossible Giant Machine,24,Rock Field,Environment,FILLED (1/1),[BLANK - Pending Ideas],[BLANK - Needs 10 Ideas],BLANK (0/10),0/20 [BLANK],BLANK,BLANK,PENDING_IDEAS,0,NO,Run Idea Generator to fill 10 Ideas
Impossible Giant Machine,25,Cave,Environment,FILLED (1/1),[BLANK - Pending Ideas],[BLANK - Needs 10 Ideas],BLANK (0/10),0/20 [BLANK],BLANK,BLANK,PENDING_IDEAS,0,NO,Run Idea Generator to fill 10 Ideas
Impossible Giant Machine,26,City,Infrastructure,FILLED (1/1),[BLANK - Pending Ideas],[BLANK - Needs 10 Ideas],BLANK (0/10),0/20 [BLANK],BLANK,BLANK,PENDING_IDEAS,0,NO,Run Idea Generator to fill 10 Ideas
Impossible Giant Machine,27,Skyscraper,Infrastructure,FILLED (1/1),[BLANK - Pending Ideas],[BLANK - Needs 10 Ideas],BLANK (0/10),0/20 [BLANK],BLANK,BLANK,PENDING_IDEAS,0,NO,Run Idea Generator to fill 10 Ideas
Impossible Giant Machine,28,Village,Infrastructure,FILLED (1/1),[BLANK - Pending Ideas],[BLANK - Needs 10 Ideas],BLANK (0/10),0/20 [BLANK],BLANK,BLANK,PENDING_IDEAS,0,NO,Run Idea Generator to fill 10 Ideas
Impossible Giant Machine,29,Highway,Infrastructure,FILLED (1/1),[BLANK - Pending Ideas],[BLANK - Needs 10 Ideas],BLANK (0/10),0/20 [BLANK],BLANK,BLANK,PENDING_IDEAS,0,NO,Run Idea Generator to fill 10 Ideas
Impossible Giant Machine,30,Railway,Infrastructure,FILLED (1/1),[BLANK - Pending Ideas],[BLANK - Needs 10 Ideas],BLANK (0/10),0/20 [BLANK],BLANK,BLANK,PENDING_IDEAS,0,NO,Run Idea Generator to fill 10 Ideas
Impossible Giant Machine,31,Bridge,Infrastructure,FILLED (1/1),[BLANK - Pending Ideas],[BLANK - Needs 10 Ideas],BLANK (0/10),0/20 [BLANK],BLANK,BLANK,PENDING_IDEAS,0,NO,Run Idea Generator to fill 10 Ideas
Impossible Giant Machine,32,Ship,Vehicle,FILLED (1/1),[BLANK - Pending Ideas],[BLANK - Needs 10 Ideas],BLANK (0/10),0/20 [BLANK],BLANK,BLANK,PENDING_IDEAS,0,NO,Run Idea Generator to fill 10 Ideas
Impossible Giant Machine,33,Ferry,Vehicle,FILLED (1/1),[BLANK - Pending Ideas],[BLANK - Needs 10 Ideas],BLANK (0/10),0/20 [BLANK],BLANK,BLANK,PENDING_IDEAS,0,NO,Run Idea Generator to fill 10 Ideas
Impossible Giant Machine,34,Airplane,Vehicle,FILLED (1/1),[BLANK - Pending Ideas],[BLANK - Needs 10 Ideas],BLANK (0/10),0/20 [BLANK],BLANK,BLANK,PENDING_IDEAS,0,NO,Run Idea Generator to fill 10 Ideas
Impossible Giant Machine,35,Rocket,Vehicle,FILLED (1/1),[BLANK - Pending Ideas],[BLANK - Needs 10 Ideas],BLANK (0/10),0/20 [BLANK],BLANK,BLANK,PENDING_IDEAS,0,NO,Run Idea Generator to fill 10 Ideas
Impossible Giant Machine,36,Satellite,Space,FILLED (1/1),[BLANK - Pending Ideas],[BLANK - Needs 10 Ideas],BLANK (0/10),0/20 [BLANK],BLANK,BLANK,PENDING_IDEAS,0,NO,Run Idea Generator to fill 10 Ideas
Impossible Giant Machine,37,Space Station,Space,FILLED (1/1),[BLANK - Pending Ideas],[BLANK - Needs 10 Ideas],BLANK (0/10),0/20 [BLANK],BLANK,BLANK,PENDING_IDEAS,0,NO,Run Idea Generator to fill 10 Ideas
Impossible Giant Machine,38,Moon,Space,FILLED (1/1),[BLANK - Pending Ideas],[BLANK - Needs 10 Ideas],BLANK (0/10),0/20 [BLANK],BLANK,BLANK,PENDING_IDEAS,0,NO,Run Idea Generator to fill 10 Ideas
Impossible Giant Machine,39,Sun,Space,FILLED (1/1),[BLANK - Pending Ideas],[BLANK - Needs 10 Ideas],BLANK (0/10),0/20 [BLANK],BLANK,BLANK,PENDING_IDEAS,0,NO,Run Idea Generator to fill 10 Ideas
Impossible Giant Machine,40,Cloud,Weather,FILLED (1/1),[BLANK - Pending Ideas],[BLANK - Needs 10 Ideas],BLANK (0/10),0/20 [BLANK],BLANK,BLANK,PENDING_IDEAS,0,NO,Run Idea Generator to fill 10 Ideas
Impossible Giant Machine,41,Tornado,Weather,FILLED (1/1),[BLANK - Pending Ideas],[BLANK - Needs 10 Ideas],BLANK (0/10),0/20 [BLANK],BLANK,BLANK,PENDING_IDEAS,0,NO,Run Idea Generator to fill 10 Ideas
Impossible Giant Machine,42,Storm,Weather,FILLED (1/1),[BLANK - Pending Ideas],[BLANK - Needs 10 Ideas],BLANK (0/10),0/20 [BLANK],BLANK,BLANK,PENDING_IDEAS,0,NO,Run Idea Generator to fill 10 Ideas
Impossible Giant Machine,43,Rain,Weather,FILLED (1/1),[BLANK - Pending Ideas],[BLANK - Needs 10 Ideas],BLANK (0/10),0/20 [BLANK],BLANK,BLANK,PENDING_IDEAS,0,NO,Run Idea Generator to fill 10 Ideas
Impossible Giant Machine,44,Lightning,Weather,FILLED (1/1),[BLANK - Pending Ideas],[BLANK - Needs 10 Ideas],BLANK (0/10),0/20 [BLANK],BLANK,BLANK,PENDING_IDEAS,0,NO,Run Idea Generator to fill 10 Ideas
Impossible Giant Machine,45,Fire,Physics,FILLED (1/1),[BLANK - Pending Ideas],[BLANK - Needs 10 Ideas],BLANK (0/10),0/20 [BLANK],BLANK,BLANK,PENDING_IDEAS,0,NO,Run Idea Generator to fill 10 Ideas
Impossible Giant Machine,46,Tsunami,Weather,FILLED (1/1),[BLANK - Pending Ideas],[BLANK - Needs 10 Ideas],BLANK (0/10),0/20 [BLANK],BLANK,BLANK,PENDING_IDEAS,0,NO,Run Idea Generator to fill 10 Ideas
Impossible Giant Machine,47,Earth,Space,FILLED (1/1),[BLANK - Pending Ideas],[BLANK - Needs 10 Ideas],BLANK (0/10),0/20 [BLANK],BLANK,BLANK,PENDING_IDEAS,0,NO,Run Idea Generator to fill 10 Ideas
Impossible Giant Machine,48,Planet,Space,FILLED (1/1),[BLANK - Pending Ideas],[BLANK - Needs 10 Ideas],BLANK (0/10),0/20 [BLANK],BLANK,BLANK,PENDING_IDEAS,0,NO,Run Idea Generator to fill 10 Ideas
Impossible Giant Machine,49,Time,Physics,FILLED (1/1),[BLANK - Pending Ideas],[BLANK - Needs 10 Ideas],BLANK (0/10),0/20 [BLANK],BLANK,BLANK,PENDING_IDEAS,0,NO,Run Idea Generator to fill 10 Ideas
Impossible Giant Machine,50,Gravity,Physics,FILLED (1/1),[BLANK - Pending Ideas],[BLANK - Needs 10 Ideas],BLANK (0/10),0/20 [BLANK],BLANK,BLANK,PENDING_IDEAS,0,NO,Run Idea Generator to fill 10 Ideas
Impossible Giant Machine,51,Magnet,Physics,FILLED (1/1),[BLANK - Pending Ideas],[BLANK - Needs 10 Ideas],BLANK (0/10),0/20 [BLANK],BLANK,BLANK,PENDING_IDEAS,0,NO,Run Idea Generator to fill 10 Ideas
Impossible Giant Machine,52,Crystal,Materials,FILLED (1/1),[BLANK - Pending Ideas],[BLANK - Needs 10 Ideas],BLANK (0/10),0/20 [BLANK],BLANK,BLANK,PENDING_IDEAS,0,NO,Run Idea Generator to fill 10 Ideas
Impossible Giant Machine,53,DNA,Biology,FILLED (1/1),[BLANK - Pending Ideas],[BLANK - Needs 10 Ideas],BLANK (0/10),0/20 [BLANK],BLANK,BLANK,PENDING_IDEAS,0,NO,Run Idea Generator to fill 10 Ideas
Impossible Giant Machine,54,Microbe,Biology,FILLED (1/1),[BLANK - Pending Ideas],[BLANK - Needs 10 Ideas],BLANK (0/10),0/20 [BLANK],BLANK,BLANK,PENDING_IDEAS,0,NO,Run Idea Generator to fill 10 Ideas
Impossible Giant Machine,55,Ant Colony,Biology,FILLED (1/1),[BLANK - Pending Ideas],[BLANK - Needs 10 Ideas],BLANK (0/10),0/20 [BLANK],BLANK,BLANK,PENDING_IDEAS,0,NO,Run Idea Generator to fill 10 Ideas
Impossible Giant Machine,56,Bee Colony,Biology,FILLED (1/1),[BLANK - Pending Ideas],[BLANK - Needs 10 Ideas],BLANK (0/10),0/20 [BLANK],BLANK,BLANK,PENDING_IDEAS,0,NO,Run Idea Generator to fill 10 Ideas
Impossible Giant Machine,57,Insect Swarm,Biology,FILLED (1/1),[BLANK - Pending Ideas],[BLANK - Needs 10 Ideas],BLANK (0/10),0/20 [BLANK],BLANK,BLANK,PENDING_IDEAS,0,NO,Run Idea Generator to fill 10 Ideas
Impossible Giant Machine,58,Fish School,Biology,FILLED (1/1),[BLANK - Pending Ideas],[BLANK - Needs 10 Ideas],BLANK (0/10),0/20 [BLANK],BLANK,BLANK,PENDING_IDEAS,0,NO,Run Idea Generator to fill 10 Ideas
Impossible Giant Machine,59,Whale,Biology,FILLED (1/1),[BLANK - Pending Ideas],[BLANK - Needs 10 Ideas],BLANK (0/10),0/20 [BLANK],BLANK,BLANK,PENDING_IDEAS,0,NO,Run Idea Generator to fill 10 Ideas
Impossible Giant Machine,60,Elephant,Biology,FILLED (1/1),[BLANK - Pending Ideas],[BLANK - Needs 10 Ideas],BLANK (0/10),0/20 [BLANK],BLANK,BLANK,PENDING_IDEAS,0,NO,Run Idea Generator to fill 10 Ideas
Impossible Giant Machine,61,Termite Colony,Biology,FILLED (1/1),[BLANK - Pending Ideas],[BLANK - Needs 10 Ideas],BLANK (0/10),0/20 [BLANK],BLANK,BLANK,PENDING_IDEAS,0,NO,Run Idea Generator to fill 10 Ideas
Impossible Giant Machine,62,Spider Web,Biology,FILLED (1/1),[BLANK - Pending Ideas],[BLANK - Needs 10 Ideas],BLANK (0/10),0/20 [BLANK],BLANK,BLANK,PENDING_IDEAS,0,NO,Run Idea Generator to fill 10 Ideas
Impossible Giant Machine,63,Shell,Biology,FILLED (1/1),[BLANK - Pending Ideas],[BLANK - Needs 10 Ideas],BLANK (0/10),0/20 [BLANK],BLANK,BLANK,PENDING_IDEAS,0,NO,Run Idea Generator to fill 10 Ideas
Impossible Giant Machine,64,Bird Feather,Biology,FILLED (1/1),[BLANK - Pending Ideas],[BLANK - Needs 10 Ideas],BLANK (0/10),0/20 [BLANK],BLANK,BLANK,PENDING_IDEAS,0,NO,Run Idea Generator to fill 10 Ideas
Impossible Giant Machine,65,Snake,Biology,FILLED (1/1),[BLANK - Pending Ideas],[BLANK - Needs 10 Ideas],BLANK (0/10),0/20 [BLANK],BLANK,BLANK,PENDING_IDEAS,0,NO,Run Idea Generator to fill 10 Ideas
Impossible Giant Machine,66,Reptile,Biology,FILLED (1/1),[BLANK - Pending Ideas],[BLANK - Needs 10 Ideas],BLANK (0/10),0/20 [BLANK],BLANK,BLANK,PENDING_IDEAS,0,NO,Run Idea Generator to fill 10 Ideas
Impossible Giant Machine,67,Octopus,Biology,FILLED (1/1),[BLANK - Pending Ideas],[BLANK - Needs 10 Ideas],BLANK (0/10),0/20 [BLANK],BLANK,BLANK,PENDING_IDEAS,0,NO,Run Idea Generator to fill 10 Ideas
Impossible Giant Machine,68,Root System,Nature,FILLED (1/1),[BLANK - Pending Ideas],[BLANK - Needs 10 Ideas],BLANK (0/10),0/20 [BLANK],BLANK,BLANK,PENDING_IDEAS,0,NO,Run Idea Generator to fill 10 Ideas
Impossible Giant Machine,69,Mushroom Colony,Nature,FILLED (1/1),[BLANK - Pending Ideas],[BLANK - Needs 10 Ideas],BLANK (0/10),0/20 [BLANK],BLANK,BLANK,PENDING_IDEAS,0,NO,Run Idea Generator to fill 10 Ideas
Impossible Giant Machine,70,Coral Reef,Nature,FILLED (1/1),[BLANK - Pending Ideas],[BLANK - Needs 10 Ideas],BLANK (0/10),0/20 [BLANK],BLANK,BLANK,PENDING_IDEAS,0,NO,Run Idea Generator to fill 10 Ideas
Impossible Giant Machine,71,Iceberg,Environment,FILLED (1/1),[BLANK - Pending Ideas],[BLANK - Needs 10 Ideas],BLANK (0/10),0/20 [BLANK],BLANK,BLANK,PENDING_IDEAS,0,NO,Run Idea Generator to fill 10 Ideas
Impossible Giant Machine,72,Underwater City,Infrastructure,FILLED (1/1),[BLANK - Pending Ideas],[BLANK - Needs 10 Ideas],BLANK (0/10),0/20 [BLANK],BLANK,BLANK,PENDING_IDEAS,0,NO,Run Idea Generator to fill 10 Ideas
Impossible Giant Machine,73,Factory,Industry,FILLED (1/1),[BLANK - Pending Ideas],[BLANK - Needs 10 Ideas],BLANK (0/10),0/20 [BLANK],BLANK,BLANK,PENDING_IDEAS,0,NO,Run Idea Generator to fill 10 Ideas
Impossible Giant Machine,74,Gear System,Machine,FILLED (1/1),[BLANK - Pending Ideas],[BLANK - Needs 10 Ideas],BLANK (0/10),0/20 [BLANK],BLANK,BLANK,PENDING_IDEAS,0,NO,Run Idea Generator to fill 10 Ideas
Impossible Giant Machine,75,Construction Crane,Machine,FILLED (1/1),[BLANK - Pending Ideas],[BLANK - Needs 10 Ideas],BLANK (0/10),0/20 [BLANK],BLANK,BLANK,PENDING_IDEAS,0,NO,Run Idea Generator to fill 10 Ideas
Impossible Giant Machine,76,Mining System,Industry,FILLED (1/1),[BLANK - Pending Ideas],[BLANK - Needs 10 Ideas],BLANK (0/10),0/20 [BLANK],BLANK,BLANK,PENDING_IDEAS,0,NO,Run Idea Generator to fill 10 Ideas
Impossible Giant Machine,77,Oil Field,Industry,FILLED (1/1),[BLANK - Pending Ideas],[BLANK - Needs 10 Ideas],BLANK (0/10),0/20 [BLANK],BLANK,BLANK,PENDING_IDEAS,0,NO,Run Idea Generator to fill 10 Ideas
Impossible Giant Machine,78,Conveyor Belt,Machine,FILLED (1/1),[BLANK - Pending Ideas],[BLANK - Needs 10 Ideas],BLANK (0/10),0/20 [BLANK],BLANK,BLANK,PENDING_IDEAS,0,NO,Run Idea Generator to fill 10 Ideas
Impossible Giant Machine,79,Tractor,Vehicle,FILLED (1/1),[BLANK - Pending Ideas],[BLANK - Needs 10 Ideas],BLANK (0/10),0/20 [BLANK],BLANK,BLANK,PENDING_IDEAS,0,NO,Run Idea Generator to fill 10 Ideas
Impossible Giant Machine,80,Excavator,Vehicle,FILLED (1/1),[BLANK - Pending Ideas],[BLANK - Needs 10 Ideas],BLANK (0/10),0/20 [BLANK],BLANK,BLANK,PENDING_IDEAS,0,NO,Run Idea Generator to fill 10 Ideas
Impossible Giant Machine,81,Cargo Fleet,Vehicle,FILLED (1/1),[BLANK - Pending Ideas],[BLANK - Needs 10 Ideas],BLANK (0/10),0/20 [BLANK],BLANK,BLANK,PENDING_IDEAS,0,NO,Run Idea Generator to fill 10 Ideas
Impossible Giant Machine,82,Subway,Infrastructure,FILLED (1/1),[BLANK - Pending Ideas],[BLANK - Needs 10 Ideas],BLANK (0/10),0/20 [BLANK],BLANK,BLANK,PENDING_IDEAS,0,NO,Run Idea Generator to fill 10 Ideas
Impossible Giant Machine,83,Mega Construction Site,Infrastructure,FILLED (1/1),[BLANK - Pending Ideas],[BLANK - Needs 10 Ideas],BLANK (0/10),0/20 [BLANK],BLANK,BLANK,PENDING_IDEAS,0,NO,Run Idea Generator to fill 10 Ideas
Impossible Giant Machine,84,Tower,Infrastructure,FILLED (1/1),[BLANK - Pending Ideas],[BLANK - Needs 10 Ideas],BLANK (0/10),0/20 [BLANK],BLANK,BLANK,PENDING_IDEAS,0,NO,Run Idea Generator to fill 10 Ideas
Impossible Giant Machine,85,Fortress,Infrastructure,FILLED (1/1),[BLANK - Pending Ideas],[BLANK - Needs 10 Ideas],BLANK (0/10),0/20 [BLANK],BLANK,BLANK,PENDING_IDEAS,0,NO,Run Idea Generator to fill 10 Ideas
Impossible Giant Machine,86,Stadium,Infrastructure,FILLED (1/1),[BLANK - Pending Ideas],[BLANK - Needs 10 Ideas],BLANK (0/10),0/20 [BLANK],BLANK,BLANK,PENDING_IDEAS,0,NO,Run Idea Generator to fill 10 Ideas
Impossible Giant Machine,87,Giant Wheel,Machine,FILLED (1/1),[BLANK - Pending Ideas],[BLANK - Needs 10 Ideas],BLANK (0/10),0/20 [BLANK],BLANK,BLANK,PENDING_IDEAS,0,NO,Run Idea Generator to fill 10 Ideas
Impossible Giant Machine,88,Brick Wall,Materials,FILLED (1/1),[BLANK - Pending Ideas],[BLANK - Needs 10 Ideas],BLANK (0/10),0/20 [BLANK],BLANK,BLANK,PENDING_IDEAS,0,NO,Run Idea Generator to fill 10 Ideas
Impossible Giant Machine,89,Fabric / Textile,Materials,FILLED (1/1),[BLANK - Pending Ideas],[BLANK - Needs 10 Ideas],BLANK (0/10),0/20 [BLANK],BLANK,BLANK,PENDING_IDEAS,0,NO,Run Idea Generator to fill 10 Ideas
Impossible Giant Machine,90,Warehouse,Infrastructure,FILLED (1/1),[BLANK - Pending Ideas],[BLANK - Needs 10 Ideas],BLANK (0/10),0/20 [BLANK],BLANK,BLANK,PENDING_IDEAS,0,NO,Run Idea Generator to fill 10 Ideas
Impossible Giant Machine,91,Vault,Infrastructure,FILLED (1/1),[BLANK - Pending Ideas],[BLANK - Needs 10 Ideas],BLANK (0/10),0/20 [BLANK],BLANK,BLANK,PENDING_IDEAS,0,NO,Run Idea Generator to fill 10 Ideas
Impossible Giant Machine,92,Energy Grid,Tech,FILLED (1/1),[BLANK - Pending Ideas],[BLANK - Needs 10 Ideas],BLANK (0/10),0/20 [BLANK],BLANK,BLANK,PENDING_IDEAS,0,NO,Run Idea Generator to fill 10 Ideas
Impossible Giant Machine,93,Reactor,Tech,FILLED (1/1),[BLANK - Pending Ideas],[BLANK - Needs 10 Ideas],BLANK (0/10),0/20 [BLANK],BLANK,BLANK,PENDING_IDEAS,0,NO,Run Idea Generator to fill 10 Ideas
Impossible Giant Machine,94,Solar Farm,Energy,FILLED (1/1),[BLANK - Pending Ideas],[BLANK - Needs 10 Ideas],BLANK (0/10),0/20 [BLANK],BLANK,BLANK,PENDING_IDEAS,0,NO,Run Idea Generator to fill 10 Ideas
Impossible Giant Machine,95,Wind Farm,Energy,FILLED (1/1),[BLANK - Pending Ideas],[BLANK - Needs 10 Ideas],BLANK (0/10),0/20 [BLANK],BLANK,BLANK,PENDING_IDEAS,0,NO,Run Idea Generator to fill 10 Ideas
Impossible Giant Machine,96,Tidal Energy,Energy,FILLED (1/1),[BLANK - Pending Ideas],[BLANK - Needs 10 Ideas],BLANK (0/10),0/20 [BLANK],BLANK,BLANK,PENDING_IDEAS,0,NO,Run Idea Generator to fill 10 Ideas
Impossible Giant Machine,97,Robot Swarm,Tech,FILLED (1/1),[BLANK - Pending Ideas],[BLANK - Needs 10 Ideas],BLANK (0/10),0/20 [BLANK],BLANK,BLANK,PENDING_IDEAS,0,NO,Run Idea Generator to fill 10 Ideas
Impossible Giant Machine,98,Artificial Intelligence,Tech,FILLED (1/1),[BLANK - Pending Ideas],[BLANK - Needs 10 Ideas],BLANK (0/10),0/20 [BLANK],BLANK,BLANK,PENDING_IDEAS,0,NO,Run Idea Generator to fill 10 Ideas
Impossible Giant Machine,99,Network / Web,Tech,FILLED (1/1),[BLANK - Pending Ideas],[BLANK - Needs 10 Ideas],BLANK (0/10),0/20 [BLANK],BLANK,BLANK,PENDING_IDEAS,0,NO,Run Idea Generator to fill 10 Ideas
Impossible Giant Machine,100,Infinite Loop / Self-Replicating System,Tech,FILLED (1/1),[BLANK - Pending Ideas],[BLANK - Needs 10 Ideas],BLANK (0/10),0/20 [BLANK],BLANK,BLANK,PENDING_IDEAS,0,NO,Run Idea Generator to fill 10 Ideas
