Idea_ID,Idea_Title,SEO_Run_ID,Search_Query,Competitor_Title,Channel,Video_ID,URL,View_Count,Duration_Seconds,Similarity,Level,Is_Strong,Discovered_At
1,Rice Titan Harvester,31,Paddy Harvesting,Bangladeshi Farmers Harvesting Paddy 🌾 |Modern Rice Farming with Harvester,Stay with Maruf,,https://www.youtube.com/watch?v=OZyeOmeNJUA,205,,0.2222,SUBSTITUTE,0,2026-09-04 12:07:17.075606
1,Rice Titan Harvester,31,Paddy Harvesting,How to Draw a Combine Harvester,Mark Easy Drawings ,,https://www.youtube.com/watch?v=xS70_QQR9gU,7937,,0.2,SUBSTITUTE,0,2026-09-04 12:07:17.092820
1,Rice Titan Harvester,31,Paddy Harvesting,How to draw HARVESTER / drawing Combine Harvester step by step,17 Easy Drawing,,https://www.youtube.com/watch?v=l9ZztVWRKtw,2159,,0.1429,SUBSTITUTE,0,2026-09-04 12:07:17.092820
1,Rice Titan Harvester,31,Paddy Harvesting,DO-IT – Farmer harvesting organic Basmati rice in India,DO IT Organic,,https://www.youtube.com/watch?v=OuInpXWh4AM,38854,,0.125,SUBSTITUTE,0,2026-09-04 12:07:17.075606
1,Rice Titan Harvester,31,Paddy Harvesting,How Tons of Rice Harvested & Processed | Modern Rice Agriculture Technology,Wondastic Tech,,https://www.youtube.com/watch?v=kT1R7Hkps5M,767235,,0.1111,IRRELEVANT,1,2026-09-04 12:07:17.075606
1,Rice Titan Harvester,31,Paddy Harvesting,Amazing Rice Growing process in the Philippines from Seed to Table!,Global Lens,,https://www.youtube.com/watch?v=4dxzlspJ1eg,105283,,0.1111,IRRELEVANT,1,2026-09-04 12:07:17.075606
1,Rice Titan Harvester,31,Paddy Harvesting,Amazing Rice Harvesting in the Village 🌾 | Modern Rice Harvesting Machine | China Rice Field,Mei Ling,,https://www.youtube.com/watch?v=NqzHigbdEew,1,,0.1,IRRELEVANT,0,2026-09-04 12:07:17.075606
1,Rice Titan Harvester,31,Paddy Harvesting,Mini Harvester machine testing in wheat field I Mini harvester I japani harvester I paddy harvester,Blue Chemp,,https://www.youtube.com/watch?v=nBM24H2z9Vg,493988,,0.1,IRRELEVANT,1,2026-09-04 12:07:17.075606
1,Rice Titan Harvester,31,Paddy Harvesting,Preet Combine Harvester and Sonalika 60 Rx Tractor with Full Size Trailer,Pramod`s Life,,https://www.youtube.com/watch?v=RH-Qa4DI7k0,72651537,,0.1,IRRELEVANT,1,2026-09-04 12:07:17.075606
1,Rice Titan Harvester,31,Paddy Harvesting,"How To Harvest Upland Sticky Rice - Bring Upland Rice Go To Market Sell, Free Bushcraft",Phương - Free Bushcraft,,https://www.youtube.com/watch?v=kcIzl8Lb864,2471859,,0.0909,IRRELEVANT,1,2026-09-04 12:07:17.075606
1,Rice Titan Harvester,31,Paddy Harvesting,How Taiwan Farmers Harvest Rice - Rice Planting and Harvesting Process | Farming Documentary,Sprout Garden,,https://www.youtube.com/watch?v=vi1JFOInKrI,1078473,,0.0909,IRRELEVANT,1,2026-09-04 12:07:17.075606
1,Rice Titan Harvester,31,Paddy Harvesting,How American Farmers Harvest 9.97 Million Tons of Rice by Machine | Farming Documentary,Sprout Garden,,https://www.youtube.com/watch?v=3OHH9gSgnzs,397291,,0.0909,IRRELEVANT,1,2026-09-04 12:07:17.075606
1,Rice Titan Harvester,31,Paddy Harvesting,Driverless REAPER BINDER MACHINE Harvesting Paddy / Rice | Automatic Mini Reaper Binder Machine,AgriBasket Tools,,https://www.youtube.com/watch?v=B19D_qjqds4,3421947,,0.0909,IRRELEVANT,1,2026-09-04 12:07:17.075606
1,Rice Titan Harvester,31,Paddy Harvesting,2025 New Model Gam Harvester Boro Paddy Cutting Work | Harvester Machine,Assam Vehicle Channel ,,https://www.youtube.com/watch?v=5itpJAWmPCA,254342,,0.0833,IRRELEVANT,1,2026-09-04 12:07:17.075606
1,Rice Titan Harvester,31,Paddy Harvesting,How Taiwan Farmers Plant and Harvest Rice to a New Level | Most Satisfying Agriculture Technology,AhTech,,https://www.youtube.com/watch?v=BETc5iM9iYk,1776112,,0.0769,IRRELEVANT,1,2026-09-04 12:07:17.075606
1,Rice Titan Harvester,31,Paddy Harvesting,"Full Moon, Fragrance of Ripe Rice, Farmers Busy Harvesting Crops | Liziqi Channel",李子柒 Liziqi,,https://www.youtube.com/watch?v=xSDMTIe90AY,43519569,,0.0769,IRRELEVANT,1,2026-09-04 12:07:17.075606
1,Rice Titan Harvester,31,Paddy Harvesting,How to draw a scenery of cultivation Step by step (very easy) || Art video,Farjana Drawing Academy,,https://www.youtube.com/watch?v=IxRge0xg2MA,850962,,0.0,IRRELEVANT,1,2026-09-04 12:07:17.075606
1,Rice Titan Harvester,31,Paddy Harvesting,How to draw a Crops / Paddy Harvesting Scenery easy || pencil sketch || VJB Drawing Place,VJB Drawing,,https://www.youtube.com/watch?v=HCiR7Q9arjs,1727,,0.0,IRRELEVANT,0,2026-09-04 12:07:17.075606
1,Rice Titan Harvester,31,Paddy Harvesting,Paddy Field With Farmer Scenery Drawing Easy | Cultivation Scenery Drawing | Village Farmer Drawing,Jharna Art Gallery,,https://www.youtube.com/watch?v=65PF2ameQ8I,153961,,0.0,IRRELEVANT,1,2026-09-04 12:07:17.091275
1,Rice Titan Harvester,31,Paddy Harvesting,agriculture drawing of farmer working in the field,Bhutnath Painting Academy,,https://www.youtube.com/watch?v=AX64QWgWJTU,293264,,0.0,IRRELEVANT,1,2026-09-04 12:07:17.091275
1,Rice Titan Harvester,31,Paddy Harvesting,How to draw the scenery of farmers harvesting paddy on fields|agriculture drawing easy steps,Honey Bee Arts,,https://www.youtube.com/watch?v=sixHBVcrLnI,40438,,0.0,IRRELEVANT,0,2026-09-04 12:07:17.092798
1,Rice Titan Harvester,31,Paddy Harvesting,Watercolor Painting : A Composition on Farmers Harvesting Paddy,Paint Academy,,https://www.youtube.com/watch?v=Jl8o8389jf8,3603,,0.0,IRRELEVANT,0,2026-09-04 12:07:17.092820
1,Rice Titan Harvester,31,Paddy Harvesting,Realistic watercolor painting. Scenery drawing. Paddy harvesting painting #easy #drawing #art,Mubarak Art Gallery BD,,https://www.youtube.com/watch?v=YmDISaZA4lg,51,,0.0,IRRELEVANT,0,2026-09-04 12:07:17.092820
1,Rice Titan Harvester,31,Paddy Harvesting,"Paddy field with farmer scenery drawing| Village scenery drawing|Tree, bird,sun, House  drawing",It's Easy to draw,,https://www.youtube.com/watch?v=Ip3Mm1TIrtE,833325,,0.0,IRRELEVANT,1,2026-09-04 12:07:17.092820
1,Rice Titan Harvester,31,Paddy Harvesting,How to Draw a Village Landscape where farmers harvesting paddy on fields | Episode- 12,Paint Academy,,https://www.youtube.com/watch?v=4NFfI_WgL6E,388343,,0.0,IRRELEVANT,1,2026-09-04 12:07:17.092820
1,Rice Titan Harvester,31,Paddy Harvesting,How to Paint A Village Scene where farmers harvesting Paddy on field | step by step |,Paint with DAVID,,https://www.youtube.com/watch?v=WZ-Er1SrWFM,689,,0.0,IRRELEVANT,0,2026-09-04 12:07:17.092820
2,The Paddy Ocean Vacuum,32,Paddy Harvesting,Watercolor Painting : A Composition on Farmers Harvesting Paddy,Paint Academy,,https://www.youtube.com/watch?v=Jl8o8389jf8,3607,,0.125,SUBSTITUTE,0,2026-09-05 04:41:00.234202
2,The Paddy Ocean Vacuum,33,Paddy Harvesting,Watercolor Painting : A Composition on Farmers Harvesting Paddy,Paint Academy,,https://www.youtube.com/watch?v=Jl8o8389jf8,3607,,0.125,SUBSTITUTE,0,2026-09-05 05:31:27.415491
2,The Paddy Ocean Vacuum,32,Paddy Harvesting,Ultimate Paddy Harvesting Race: Who Wins the Bicycle? 🚲🌾,AL Gaming Fun,,https://www.youtube.com/watch?v=lkyLT_cCbo0,1088753,,0.1111,IRRELEVANT,1,2026-09-05 04:41:00.230199
2,The Paddy Ocean Vacuum,32,Paddy Harvesting,"How Rice is Made : Step by Step Growing Rice Paddy Farming, South India",The RubieVerse,,https://www.youtube.com/watch?v=qHIKRwYe3Cs,10676132,,0.1,IRRELEVANT,1,2026-09-05 04:41:00.225302
2,The Paddy Ocean Vacuum,32,Paddy Harvesting,Bangladeshi Farmers Harvesting Paddy 🌾 |Modern Rice Farming with Harvester,Stay with Maruf,,https://www.youtube.com/watch?v=OZyeOmeNJUA,205,,0.1,IRRELEVANT,0,2026-09-05 04:41:00.226294
2,The Paddy Ocean Vacuum,32,Paddy Harvesting,Paddy Field With Farmer Scenery Drawing Easy | Cultivation Scenery Drawing | Village Farmer Drawing,Jharna Art Gallery,,https://www.youtube.com/watch?v=65PF2ameQ8I,154278,,0.1,IRRELEVANT,1,2026-09-05 04:41:00.231201
2,The Paddy Ocean Vacuum,32,Paddy Harvesting,Paddy Field With Farmer Scenery Drawing Easy | Cultivation Scenery Drawing | Village Farmer Drawing,Jharna Art Gallery,,https://www.youtube.com/watch?v=cdyRCIFQBRk,77645,,0.1,IRRELEVANT,0,2026-09-05 04:41:00.234202
2,The Paddy Ocean Vacuum,33,Paddy Harvesting,Bangladeshi Farmers Harvesting Paddy 🌾 |Modern Rice Farming with Harvester,Stay with Maruf,,https://www.youtube.com/watch?v=OZyeOmeNJUA,205,,0.1,IRRELEVANT,0,2026-09-05 05:31:27.408495
2,The Paddy Ocean Vacuum,33,Paddy Harvesting,Paddy Field With Farmer Scenery Drawing Easy | Cultivation Scenery Drawing | Village Farmer Drawing,Jharna Art Gallery,,https://www.youtube.com/watch?v=65PF2ameQ8I,154323,,0.1,IRRELEVANT,1,2026-09-05 05:31:27.414492
2,The Paddy Ocean Vacuum,32,Paddy Harvesting,Driverless REAPER BINDER MACHINE Harvesting Paddy / Rice | Automatic Mini Reaper Binder Machine,AgriBasket Tools,,https://www.youtube.com/watch?v=B19D_qjqds4,3481714,,0.0909,IRRELEVANT,1,2026-09-05 04:41:00.230199
2,The Paddy Ocean Vacuum,32,Paddy Harvesting,How to Draw a Village Landscape where farmers harvesting paddy on fields | Episode- 12,Paint Academy,,https://www.youtube.com/watch?v=4NFfI_WgL6E,388345,,0.0909,IRRELEVANT,1,2026-09-05 04:41:00.233203
2,The Paddy Ocean Vacuum,32,Paddy Harvesting,Paddy Field With Farmer Scenery drawing easy| Village Landscape Scenery drawing easy| Winter Scenery,It's Easy to draw,,https://www.youtube.com/watch?v=kLB-8oDq5_o,202903,,0.0909,IRRELEVANT,1,2026-09-05 04:41:00.233203
2,The Paddy Ocean Vacuum,33,Paddy Harvesting,Realistic watercolor painting. Scenery drawing. Paddy harvesting painting #easy #drawing #art,Mubarak Art Gallery BD,,https://www.youtube.com/watch?v=YmDISaZA4lg,52,,0.0909,IRRELEVANT,0,2026-09-05 05:31:27.416493
2,The Paddy Ocean Vacuum,33,Paddy Harvesting,How to Draw a Village Landscape where farmers harvesting paddy on fields | Episode- 12,Paint Academy,,https://www.youtube.com/watch?v=4NFfI_WgL6E,388345,,0.0909,IRRELEVANT,1,2026-09-05 05:31:27.417492
2,The Paddy Ocean Vacuum,33,Paddy Harvesting,How to Paint A Village Scene where farmers harvesting Paddy on field | step by step |,Paint with DAVID,,https://www.youtube.com/watch?v=WZ-Er1SrWFM,689,,0.0909,IRRELEVANT,0,2026-09-05 05:31:27.417492
2,The Paddy Ocean Vacuum,32,Paddy Harvesting,2025 New Model Gam Harvester Boro Paddy Cutting Work | Harvester Machine,Assam Vehicle Channel ,,https://www.youtube.com/watch?v=5itpJAWmPCA,254835,,0.0833,IRRELEVANT,1,2026-09-05 04:41:00.223296
2,The Paddy Ocean Vacuum,32,Paddy Harvesting,How to draw the scenery of farmers harvesting paddy on fields|agriculture drawing easy steps,Honey Bee Arts,,https://www.youtube.com/watch?v=sixHBVcrLnI,40470,,0.0833,IRRELEVANT,0,2026-09-05 04:41:00.231201
2,The Paddy Ocean Vacuum,32,Paddy Harvesting,"Paddy field with farmer scenery drawing| Village scenery drawing|Tree, bird,sun, House  drawing",It's Easy to draw,,https://www.youtube.com/watch?v=Ip3Mm1TIrtE,833422,,0.0833,IRRELEVANT,1,2026-09-05 04:41:00.232202
2,The Paddy Ocean Vacuum,33,Paddy Harvesting,2025 New Model Gam Harvester Boro Paddy Cutting Work | Harvester Machine,Assam Vehicle Channel ,,https://www.youtube.com/watch?v=5itpJAWmPCA,254893,,0.0833,IRRELEVANT,1,2026-09-05 05:31:27.409495
2,The Paddy Ocean Vacuum,33,Paddy Harvesting,How to draw the scenery of farmers harvesting paddy on fields|agriculture drawing easy steps,Honey Bee Arts,,https://www.youtube.com/watch?v=sixHBVcrLnI,40470,,0.0833,IRRELEVANT,0,2026-09-05 05:31:27.414492
2,The Paddy Ocean Vacuum,33,Paddy Harvesting,"Paddy field with farmer scenery drawing| Village scenery drawing|Tree, bird,sun, House  drawing",It's Easy to draw,,https://www.youtube.com/watch?v=Ip3Mm1TIrtE,833427,,0.0833,IRRELEVANT,1,2026-09-05 05:31:27.416493
2,The Paddy Ocean Vacuum,32,Paddy Harvesting,Amazing Kubota Mini Combine Harvester | Fast Paddy Cutting Machine | Mahindra Tractor,Raj Tractor,,https://www.youtube.com/watch?v=1lp31qi7Ou8,359805,,0.0769,IRRELEVANT,1,2026-09-05 04:41:00.229138
2,The Paddy Ocean Vacuum,32,Paddy Harvesting,How to draw a Crops / Paddy Harvesting Scenery easy || pencil sketch || VJB Drawing Place,VJB Drawing,,https://www.youtube.com/watch?v=HCiR7Q9arjs,1727,,0.0769,IRRELEVANT,0,2026-09-05 04:41:00.232202
2,The Paddy Ocean Vacuum,33,Paddy Harvesting,How to draw a Crops / Paddy Harvesting Scenery easy || pencil sketch || VJB Drawing Place,VJB Drawing,,https://www.youtube.com/watch?v=HCiR7Q9arjs,1727,,0.0769,IRRELEVANT,0,2026-09-05 05:31:27.414492
2,The Paddy Ocean Vacuum,32,Paddy Harvesting,Preet Combine Harvester and Sonalika 60 Rx Tractor with Full Size Trailer,Pramod`s Life,,https://www.youtube.com/watch?v=RH-Qa4DI7k0,72655128,,0.0,IRRELEVANT,1,2026-09-05 04:41:00.224319
2,The Paddy Ocean Vacuum,32,Paddy Harvesting,How Taiwan Farmers Plant and Harvest Rice to a New Level | Most Satisfying Agriculture Technology,AhTech,,https://www.youtube.com/watch?v=BETc5iM9iYk,1777169,,0.0,IRRELEVANT,1,2026-09-05 04:41:00.224319
2,The Paddy Ocean Vacuum,32,Paddy Harvesting,DO-IT – Farmer harvesting organic Basmati rice in India,DO IT Organic,,https://www.youtube.com/watch?v=OuInpXWh4AM,38868,,0.0,IRRELEVANT,0,2026-09-05 04:41:00.225302
2,The Paddy Ocean Vacuum,32,Paddy Harvesting,"How To Harvest Upland Sticky Rice - Bring Upland Rice Go To Market Sell, Free Bushcraft",Phương - Free Bushcraft,,https://www.youtube.com/watch?v=kcIzl8Lb864,2472404,,0.0,IRRELEVANT,1,2026-09-05 04:41:00.226294
2,The Paddy Ocean Vacuum,32,Paddy Harvesting,"Full Moon, Fragrance of Ripe Rice, Farmers Busy Harvesting Crops | Liziqi Channel",李子柒 Liziqi,,https://www.youtube.com/watch?v=xSDMTIe90AY,43521395,,0.0,IRRELEVANT,1,2026-09-05 04:41:00.227290
2,The Paddy Ocean Vacuum,32,Paddy Harvesting,"Kubota combine harvester, import from Japan rice cutting machine | farming machine",Punjab village Tractors,,https://www.youtube.com/watch?v=Hlm4XBTnW8w,3251766,,0.0,IRRELEVANT,1,2026-09-05 04:41:00.227290
2,The Paddy Ocean Vacuum,32,Paddy Harvesting,How Tons of Rice Harvested & Processed | Modern Rice Agriculture Technology,Wondastic Tech,,https://www.youtube.com/watch?v=kT1R7Hkps5M,767399,,0.0,IRRELEVANT,1,2026-09-05 04:41:00.228358
2,The Paddy Ocean Vacuum,32,Paddy Harvesting,How Taiwan Farmers Harvest Rice - Rice Planting and Harvesting Process | Farming Documentary,Sprout Garden,,https://www.youtube.com/watch?v=vi1JFOInKrI,1078945,,0.0,IRRELEVANT,1,2026-09-05 04:41:00.229138
2,The Paddy Ocean Vacuum,32,Paddy Harvesting,The Field Slicing Shift: Manual Rice Harvesting with Basic Hand Tools #farmersLife #shorts,Traditional & Modern Farmers,,https://www.youtube.com/watch?v=leFsmNMEVv4,0,,0.0,IRRELEVANT,0,2026-09-05 04:41:00.229672
2,The Paddy Ocean Vacuum,32,Paddy Harvesting,First Day out with the NEW Combine | Claas Lexion 8900 vs 780 | Seed Wheat Harvest '24 - KMWP Farms,Tractorspotter,,https://www.youtube.com/watch?v=7_dJHRmruHU,1366143,,0.0,IRRELEVANT,1,2026-09-05 04:41:00.230199
2,The Paddy Ocean Vacuum,32,Paddy Harvesting,How to draw a scenery of cultivation Step by step (very easy) || Art video,Farjana Drawing Academy,,https://www.youtube.com/watch?v=IxRge0xg2MA,851090,,0.0,IRRELEVANT,1,2026-09-05 04:41:00.231201
2,The Paddy Ocean Vacuum,32,Paddy Harvesting,agriculture drawing of farmer working in the field,Bhutnath Painting Academy,,https://www.youtube.com/watch?v=AX64QWgWJTU,293374,,0.0,IRRELEVANT,1,2026-09-05 04:41:00.232202
2,The Paddy Ocean Vacuum,32,Paddy Harvesting,How to draw HARVESTER / drawing Combine Harvester step by step,17 Easy Drawing,,https://www.youtube.com/watch?v=l9ZztVWRKtw,2177,,0.0,IRRELEVANT,0,2026-09-05 04:41:00.233203
2,The Paddy Ocean Vacuum,32,Paddy Harvesting,How to Draw a Combine Harvester,Mark Easy Drawings ,,https://www.youtube.com/watch?v=xS70_QQR9gU,7964,,0.0,IRRELEVANT,0,2026-09-05 04:41:00.234202
2,The Paddy Ocean Vacuum,33,Paddy Harvesting,How Taiwan Farmers Plant and Harvest Rice to a New Level | Most Satisfying Agriculture Technology,AhTech,,https://www.youtube.com/watch?v=BETc5iM9iYk,1777270,,0.0,IRRELEVANT,1,2026-09-05 05:31:27.408495
2,The Paddy Ocean Vacuum,33,Paddy Harvesting,"Full Moon, Fragrance of Ripe Rice, Farmers Busy Harvesting Crops | Liziqi Channel",李子柒 Liziqi,,https://www.youtube.com/watch?v=xSDMTIe90AY,43521451,,0.0,IRRELEVANT,1,2026-09-05 05:31:27.409495
2,The Paddy Ocean Vacuum,33,Paddy Harvesting,DO-IT – Farmer harvesting organic Basmati rice in India,DO IT Organic,,https://www.youtube.com/watch?v=OuInpXWh4AM,38868,,0.0,IRRELEVANT,0,2026-09-05 05:31:27.409495
2,The Paddy Ocean Vacuum,33,Paddy Harvesting,Preet Combine Harvester and Sonalika 60 Rx Tractor with Full Size Trailer,Pramod`s Life,,https://www.youtube.com/watch?v=RH-Qa4DI7k0,72655306,,0.0,IRRELEVANT,1,2026-09-05 05:31:27.410493
2,The Paddy Ocean Vacuum,33,Paddy Harvesting,"How To Harvest Upland Sticky Rice - Bring Upland Rice Go To Market Sell, Free Bushcraft",Phương - Free Bushcraft,,https://www.youtube.com/watch?v=kcIzl8Lb864,2472441,,0.0,IRRELEVANT,1,2026-09-05 05:31:27.410493
2,The Paddy Ocean Vacuum,33,Paddy Harvesting,How Tons of Rice Harvested & Processed | Modern Rice Agriculture Technology,Wondastic Tech,,https://www.youtube.com/watch?v=kT1R7Hkps5M,767430,,0.0,IRRELEVANT,1,2026-09-05 05:31:27.411493
2,The Paddy Ocean Vacuum,33,Paddy Harvesting,Amazing Rice Growing process in the Philippines from Seed to Table!,Global Lens,,https://www.youtube.com/watch?v=4dxzlspJ1eg,105440,,0.0,IRRELEVANT,1,2026-09-05 05:31:27.411493
2,The Paddy Ocean Vacuum,33,Paddy Harvesting,How American Farmers Harvest 9.97 Million Tons of Rice by Machine | Farming Documentary,Sprout Garden,,https://www.youtube.com/watch?v=3OHH9gSgnzs,397363,,0.0,IRRELEVANT,1,2026-09-05 05:31:27.411493
2,The Paddy Ocean Vacuum,33,Paddy Harvesting,How Taiwan Farmers Harvest Rice - Rice Planting and Harvesting Process | Farming Documentary,Sprout Garden,,https://www.youtube.com/watch?v=vi1JFOInKrI,1079014,,0.0,IRRELEVANT,1,2026-09-05 05:31:27.412493
2,The Paddy Ocean Vacuum,33,Paddy Harvesting,The Field Slicing Shift: Manual Rice Harvesting with Basic Hand Tools #farmersLife #shorts,Traditional & Modern Farmers,,https://www.youtube.com/watch?v=leFsmNMEVv4,0,,0.0,IRRELEVANT,0,2026-09-05 05:31:27.412493
2,The Paddy Ocean Vacuum,33,Paddy Harvesting,"Combine harvester: Rice harvesting, threshing, packing together(ধান কাটা,মাড়াই,বস্তাবন্দি একসাথে)",Techgen Engineering Ltd,,https://www.youtube.com/watch?v=jQNPYExRuOY,254683,,0.0,IRRELEVANT,1,2026-09-05 05:31:27.412493
2,The Paddy Ocean Vacuum,33,Paddy Harvesting,First Day out with the NEW Combine | Claas Lexion 8900 vs 780 | Seed Wheat Harvest '24 - KMWP Farms,Tractorspotter,,https://www.youtube.com/watch?v=7_dJHRmruHU,1366143,,0.0,IRRELEVANT,1,2026-09-05 05:31:27.413493
2,The Paddy Ocean Vacuum,33,Paddy Harvesting,4GK90 Rice reaper binder,"Yancheng Xinmingyue Machinery Manufacture Co., Ltd",,https://www.youtube.com/watch?v=djVrCmV6RxE,1036239,,0.0,IRRELEVANT,1,2026-09-05 05:31:27.413493
2,The Paddy Ocean Vacuum,33,Paddy Harvesting,How to draw a scenery of cultivation Step by step (very easy) || Art video,Farjana Drawing Academy,,https://www.youtube.com/watch?v=IxRge0xg2MA,851090,,0.0,IRRELEVANT,1,2026-09-05 05:31:27.413493
2,The Paddy Ocean Vacuum,33,Paddy Harvesting,How to Draw a Combine Harvester,Mark Easy Drawings ,,https://www.youtube.com/watch?v=xS70_QQR9gU,7964,,0.0,IRRELEVANT,0,2026-09-05 05:31:27.415491
2,The Paddy Ocean Vacuum,33,Paddy Harvesting,agriculture drawing of farmer working in the field,Bhutnath Painting Academy,,https://www.youtube.com/watch?v=AX64QWgWJTU,293374,,0.0,IRRELEVANT,1,2026-09-05 05:31:27.416493
2,The Paddy Ocean Vacuum,33,Paddy Harvesting,How to draw HARVESTER / drawing Combine Harvester step by step,17 Easy Drawing,,https://www.youtube.com/watch?v=l9ZztVWRKtw,2177,,0.0,IRRELEVANT,0,2026-09-05 05:31:27.417492
