idea_id,element_id,is_primary
11,7,1
12,7,1
13,7,1
14,7,1
15,7,1
16,7,1
17,7,1
18,7,1
19,7,1
20,7,1
21,7,1
22,7,1
23,6,1
24,6,1
1,1,1
2,1,0
3,1,0
4,1,0
5,1,0
6,1,0
7,1,0
8,1,0
9,1,0
10,1,0
33,2,1
34,2,0
35,2,0
36,2,0
37,2,0
38,2,0
39,2,0
40,2,0
41,2,0
42,2,0
43,3,1
44,3,0
45,3,0
46,3,0
47,3,0
48,3,0
49,3,0
50,3,0
51,3,0
52,3,0
53,4,1
54,4,0
55,4,0
56,4,0
57,4,0
58,4,0
59,4,0
60,4,0
61,4,0
62,4,0
63,5,1
64,5,0
65,5,0
66,5,0
67,5,0
68,5,0
69,5,0
70,5,0
71,5,0
72,5,0
73,8,1
74,8,0
75,8,0
76,8,0
77,8,0
78,8,0
79,8,0
80,8,0
81,8,0
82,8,0
83,9,1
84,9,0
85,9,0
86,9,0
87,9,0
88,9,0
89,9,0
90,9,0
91,9,0
92,9,0
93,10,1
94,10,0
95,10,0
96,10,0
97,10,0
98,10,0
99,10,0
100,10,0
101,10,0
102,10,0
103,11,1
104,11,0
105,11,0
106,11,0
107,11,0
108,11,0
109,11,0
110,11,0
111,11,0
112,11,0
113,12,1
114,12,0
115,12,0
116,12,0
117,12,0
118,12,0
119,12,0
120,12,0
121,12,0
122,12,0
123,13,1
124,13,0
125,13,0
126,13,0
127,13,0
128,13,0
129,13,0
130,13,0
131,13,0
132,13,0
133,6,0
134,6,0
135,6,0
136,6,0
137,6,0
138,6,0
139,6,0
140,6,0
141,14,1
142,14,0
143,14,0
144,14,0
145,14,0
146,14,0
147,14,0
148,14,0
149,14,0
150,14,0
151,15,1
152,15,0
153,15,0
154,15,0
155,15,0
156,15,0
157,15,0
158,15,0
159,15,0
160,15,0
161,16,1
162,16,0
163,16,0
164,16,0
165,16,0
166,16,0
167,16,0
168,16,0
169,16,0
170,16,0
171,17,1
172,17,0
173,17,0
174,17,0
175,17,0
176,17,0
177,17,0
178,17,0
179,17,0
180,17,0
181,18,1
182,18,0
183,18,0
184,18,0
185,18,0
186,18,0
187,18,0
188,18,0
189,18,0
190,18,0
191,19,1
192,19,0
193,19,0
194,19,0
195,19,0
196,19,0
197,19,0
198,19,0
199,19,0
200,19,0
201,19,0
202,19,0
203,19,0
204,19,0
205,19,0
206,20,1
207,20,0
208,20,0
209,20,0
210,20,0
211,20,0
212,20,0
213,20,0
214,20,0
215,20,0
216,21,1
217,21,0
218,21,0
219,21,0
220,21,0
221,21,0
222,21,0
223,21,0
224,21,0
225,21,0
226,42,1
227,42,0
228,42,0
229,42,0
230,42,0
231,42,0
232,42,0
233,42,0
234,42,0
235,42,0
236,62,1
237,62,0
238,62,0
239,62,0
240,62,0
241,62,0
242,62,0
243,62,0
244,62,0
245,62,0
246,22,1
247,22,0
248,22,0
249,22,0
250,22,0
251,22,0
252,22,0
253,22,0
254,22,0
255,22,0
256,82,1
257,82,0
258,82,0
259,82,0
260,82,0
261,82,0
262,82,0
263,82,0
264,82,0
265,82,0
266,43,1
267,43,0
268,43,0
269,43,0
270,43,0
271,43,0
272,43,0
273,43,0
274,43,0
275,43,0
276,63,1
277,63,0
278,63,0
279,63,0
280,63,0
281,63,0
282,63,0
283,63,0
284,63,0
285,63,0
286,23,1
287,23,0
288,23,0
289,23,0
290,23,0
291,23,0
292,23,0
293,23,0
294,23,0
295,23,0
296,44,1
297,44,0
298,44,0
299,44,0
300,44,0
301,44,0
302,44,0
303,44,0
304,44,0
305,44,0
306,64,1
307,64,0
308,64,0
309,64,0
310,64,0
311,64,0
312,64,0
313,64,0
314,64,0
315,64,0
316,24,1
317,24,0
318,24,0
319,24,0
320,24,0
321,24,0
322,24,0
323,24,0
324,24,0
325,24,0
326,45,1
327,45,0
328,45,0
329,45,0
330,45,0
331,45,0
332,45,0
333,45,0
334,45,0
335,45,0
336,83,1
337,83,0
338,83,0
339,83,0
340,83,0
341,83,0
342,83,0
343,83,0
344,83,0
345,83,0
346,65,1
347,65,0
348,65,0
349,65,0
350,65,0
351,65,0
352,65,0
353,65,0
354,65,0
355,65,0
356,25,1
357,25,0
358,25,0
359,25,0
360,25,0
361,25,0
362,25,0
363,25,0
364,25,0
365,25,0
366,46,1
367,46,0
368,46,0
369,46,0
370,46,0
371,46,0
372,46,0
373,46,0
374,46,0
375,46,0
376,66,1
377,66,0
378,66,0
379,66,0
380,66,0
381,66,0
382,66,0
383,66,0
384,66,0
385,66,0
386,47,1
387,47,0
388,47,0
389,47,0
390,47,0
391,47,0
392,47,0
393,47,0
394,47,0
395,47,0
396,26,1
397,26,0
398,26,0
399,26,0
400,26,0
401,26,0
402,26,0
403,26,0
404,26,0
405,26,0
406,84,1
407,84,0
408,84,0
409,84,0
410,84,0
411,84,0
412,84,0
413,84,0
414,84,0
415,84,0
416,67,1
417,67,0
418,67,0
419,67,0
420,67,0
421,67,0
422,67,0
423,67,0
424,67,0
425,67,0
426,48,1
427,48,0
428,48,0
429,48,0
430,48,0
431,48,0
432,48,0
433,48,0
434,48,0
435,48,0
436,27,1
437,27,0
438,27,0
439,27,0
440,27,0
441,27,0
442,27,0
443,27,0
444,27,0
445,27,0
446,68,1
447,68,0
448,68,0
449,68,0
450,68,0
451,68,0
452,68,0
453,68,0
454,68,0
455,68,0
456,49,1
457,49,0
458,49,0
459,49,0
460,49,0
461,49,0
462,49,0
463,49,0
464,49,0
465,49,0
466,28,1
467,28,0
468,28,0
469,28,0
470,28,0
471,28,0
472,28,0
473,28,0
474,28,0
475,28,0
476,69,1
477,69,0
478,69,0
479,69,0
480,69,0
481,69,0
482,69,0
483,69,0
484,69,0
485,69,0
486,50,1
487,50,0
488,50,0
489,50,0
490,50,0
491,50,0
492,50,0
493,50,0
494,50,0
495,50,0
496,29,1
497,29,0
498,29,0
499,29,0
500,29,0
501,29,0
502,29,0
503,29,0
504,29,0
505,29,0
506,70,1
507,70,0
508,70,0
509,70,0
510,70,0
511,70,0
512,70,0
513,70,0
514,70,0
515,70,0
516,30,1
517,30,0
518,30,0
519,30,0
520,30,0
521,30,0
522,30,0
523,30,0
524,30,0
525,30,0
526,52,1
527,52,0
528,52,0
529,52,0
530,52,0
531,52,0
532,52,0
533,52,0
534,52,0
535,52,0
536,71,1
537,71,0
538,71,0
539,71,0
540,71,0
541,71,0
542,71,0
543,71,0
544,71,0
545,71,0
546,51,1
547,51,0
548,51,0
549,51,0
550,51,0
551,51,0
552,51,0
553,51,0
554,51,0
555,51,0
556,31,1
557,31,0
558,31,0
559,31,0
560,31,0
561,31,0
562,31,0
563,31,0
564,31,0
565,31,0
566,72,1
567,72,0
568,72,0
569,72,0
570,72,0
571,72,0
572,72,0
573,72,0
574,72,0
575,72,0
576,53,1
577,53,0
578,53,0
579,53,0
580,53,0
581,53,0
582,53,0
583,53,0
584,53,0
585,53,0
586,32,1
587,32,0
588,32,0
589,32,0
590,32,0
591,32,0
592,32,0
593,32,0
594,32,0
595,32,0
596,73,1
597,73,0
598,73,0
599,73,0
600,73,0
601,73,0
602,73,0
603,73,0
604,73,0
605,73,0
606,54,1
607,54,0
608,54,0
609,54,0
610,54,0
611,54,0
612,54,0
613,54,0
614,54,0
615,54,0
616,33,1
617,33,0
618,33,0
619,33,0
620,33,0
621,33,0
622,33,0
623,33,0
624,33,0
625,33,0
626,74,1
627,74,0
628,74,0
629,74,0
630,74,0
631,74,0
632,74,0
633,74,0
634,74,0
635,74,0
636,34,1
637,34,0
638,34,0
639,34,0
640,34,0
641,34,0
642,34,0
643,34,0
644,34,0
645,34,0
646,58,1
647,58,0
648,58,0
649,58,0
650,58,0
651,58,0
652,58,0
653,58,0
654,58,0
655,58,0
656,75,1
657,75,0
658,75,0
659,75,0
660,75,0
661,75,0
662,75,0
663,75,0
664,75,0
665,75,0
666,35,1
667,35,0
668,35,0
669,35,0
670,35,0
671,35,0
672,35,0
673,35,0
674,35,0
675,35,0
676,36,1
677,36,1
678,36,1
679,36,1
680,36,1
681,36,1
682,36,1
683,36,1
684,36,1
685,36,1
686,55,1
687,55,1
688,55,1
689,55,1
690,55,1
691,55,1
692,55,1
693,55,1
694,55,1
695,55,1
696,76,1
697,76,1
698,76,1
699,76,1
700,76,1
701,76,1
702,76,1
703,76,1
704,76,1
705,76,1
706,37,1
707,37,1
708,37,1
709,37,1
710,37,1
711,37,1
712,37,1
713,37,1
714,37,1
715,37,1
716,56,1
717,56,1
718,56,1
719,56,1
720,56,1
721,56,1
722,56,1
723,56,1
724,56,1
725,56,1
726,77,1
727,77,1
728,77,1
729,77,1
730,77,1
731,77,1
732,77,1
733,77,1
734,77,1
735,77,1
736,38,1
737,38,1
738,38,1
739,38,1
740,38,1
741,38,1
742,38,1
743,38,1
744,38,1
745,38,1
746,57,1
747,57,1
748,57,1
749,57,1
750,57,1
751,57,1
752,57,1
753,57,1
754,57,1
755,57,1
756,78,1
757,78,1
758,78,1
759,78,1
760,78,1
761,78,1
762,78,1
763,78,1
764,78,1
765,78,1
766,39,1
767,39,1
768,39,1
769,39,1
770,39,1
771,39,1
772,39,1
773,39,1
774,39,1
775,39,1
776,59,1
777,59,1
778,59,1
779,59,1
780,59,1
781,59,1
782,59,1
783,59,1
784,59,1
785,59,1
786,79,1
787,79,1
788,79,1
789,79,1
790,79,1
791,79,1
792,79,1
793,79,1
794,79,1
795,79,1
796,40,1
797,40,1
798,40,1
799,40,1
800,40,1
801,40,1
802,40,1
803,40,1
804,40,1
805,40,1
806,60,1
807,60,1
808,60,1
809,60,1
810,60,1
811,60,1
812,60,1
813,60,1
814,60,1
815,60,1
816,80,1
817,80,1
818,80,1
819,80,1
820,80,1
821,80,1
822,80,1
823,80,1
824,80,1
825,80,1
826,41,1
827,41,1
828,41,1
829,41,1
830,41,1
831,41,1
832,41,1
833,41,1
834,41,1
835,41,1
836,61,1
837,61,1
838,61,1
839,61,1
840,61,1
841,61,1
842,61,1
843,61,1
844,61,1
845,61,1
846,81,1
847,81,1
848,81,1
849,81,1
850,81,1
851,81,1
852,81,1
853,81,1
854,81,1
855,81,1
856,85,1
857,85,1
858,85,1
859,85,1
860,85,1
861,85,1
862,85,1
863,85,1
864,85,1
865,85,1
866,86,1
867,86,1
868,86,1
869,86,1
870,86,1
871,86,1
872,86,1
873,86,1
874,86,1
875,86,1
876,87,1
877,87,1
878,87,1
879,87,1
880,87,1
881,87,1
882,87,1
883,87,1
884,87,1
885,87,1
886,88,1
887,88,1
888,88,1
889,88,1
890,88,1
891,88,1
892,88,1
893,88,1
894,88,1
895,88,1
896,89,1
897,89,1
898,89,1
899,89,1
900,89,1
901,89,1
902,89,1
903,89,1
904,89,1
905,89,1
906,90,1
907,90,1
908,90,1
909,90,1
910,90,1
911,90,1
912,90,1
913,90,1
914,90,1
915,90,1
916,91,1
917,91,1
918,91,1
919,91,1
920,91,1
921,91,1
922,91,1
923,91,1
924,91,1
925,91,1
926,92,1
927,92,1
928,92,1
929,92,1
930,92,1
931,92,1
932,92,1
933,92,1
934,92,1
935,92,1
936,93,1
937,93,1
938,93,1
939,93,1
940,93,1
941,93,1
942,93,1
943,93,1
944,93,1
945,93,1
946,94,1
947,94,1
948,94,1
949,94,1
950,94,1
951,94,1
952,94,1
953,94,1
954,94,1
955,94,1
956,95,1
957,95,1
958,95,1
959,95,1
960,95,1
961,95,1
962,95,1
963,95,1
964,95,1
965,95,1
966,96,1
967,96,1
968,96,1
969,96,1
970,96,1
971,96,1
972,96,1
973,96,1
974,96,1
975,96,1
976,97,1
977,97,1
978,97,1
979,97,1
980,97,1
981,97,1
982,97,1
983,97,1
984,97,1
985,97,1
986,98,1
987,98,1
988,98,1
989,98,1
990,98,1
991,98,1
992,98,1
993,98,1
994,98,1
995,98,1
996,99,1
997,99,1
998,99,1
999,99,1
1000,99,1
1001,99,1
1002,99,1
1003,99,1
1004,99,1
1005,99,1
1006,100,1
1007,100,1
1008,100,1
1009,100,1
1010,100,1
1011,100,1
1012,100,1
1013,100,1
1014,100,1
1015,100,1
