id,uuid,idea_id,current_state,previous_state,prompt_verified,seo_verified,video_verified,upload_verified,package_verified,all_fields_validated,missing_fields,active_job_id,active_job_type,failure_reason,retry_count,is_paused,last_verified_at,created_at,updated_at
1,3322bfa9-36c2-4fa5-b65d-999c9893ee4f,3,LOCKED_UPLOADED,,1,1,0,1,0,0,,,,,0,0,2026-09-14T10:24:50.042495+00:00,2026-09-10 18:18:46.898355,2026-09-14T10:24:50.042495+00:00
2,d0afe13f-9b26-4b59-892b-6deffe1a87d6,5,LOCKED_UPLOADED,,1,1,1,1,1,1,,,,,0,0,2026-09-18T10:30:51.891352+00:00,2026-09-11 04:43:04.720285,2026-09-18T10:30:51.891352+00:00
3,e553f081-6143-46b8-8903-636730e32f57,6,LOCKED_UPLOADED,PROMPT_GENERATING,1,1,1,1,1,1,,,,Crash recovery: PROMPT_GENERATING → PROMPT_COMPLETE,0,0,2026-09-20T17:42:39.131770+00:00,2026-09-11 04:43:04.800366,2026-09-20T17:42:39.131770+00:00
4,ef5b2dad-93c2-4937-a6c6-556b9b5ed05f,7,READY_FOR_UPLOAD,DISCOVERED,1,1,1,0,1,1,,,,,0,0,2026-09-17T09:12:09.226158+00:00,2026-09-11 04:43:04.871206,2026-09-17T09:12:09.226158+00:00
5,bd35e460-f513-4c7a-8b03-4b771fbb7a65,20,READY_FOR_UPLOAD,,1,1,1,0,1,1,,,,,0,0,2026-09-17T11:20:56.731217+00:00,2026-09-11 05:16:47.172943,2026-09-17T11:20:56.731217+00:00
6,01797f89-fe69-412b-a678-969e616036ce,21,READY_FOR_UPLOAD,DISCOVERED,1,1,1,0,1,1,,,,,0,0,2026-09-17T11:37:21.435149+00:00,2026-09-11 05:16:47.240477,2026-09-17T11:37:21.435149+00:00
7,1514f97f-79f1-4b36-9965-2a7ca02a90ea,99,PROMPT_MISSING,,0,0,0,0,0,0,,,,,0,0,,2026-09-11 05:18:29.804204,2026-09-11 05:18:29.804204
8,1895011a-7559-4985-9440-ecc98628fd05,8,READY_FOR_UPLOAD,PROMPT_GENERATING,1,1,1,0,1,1,,,,Crash recovery: PROMPT_GENERATING → PROMPT_COMPLETE,0,0,2026-09-17T09:15:48.509526+00:00,2026-09-11 05:18:52.500799,2026-09-17T09:15:48.509526+00:00
9,7a9b279b-615c-4717-9f3a-058b7caefa8e,10,READY_FOR_UPLOAD,,1,1,1,0,1,1,,,,,3,0,2026-09-17T09:23:20.333025+00:00,2026-09-11 05:18:52.832412,2026-09-17T09:23:20.333025+00:00
10,c57c2770-8dfa-4dbb-8de6-887adf76a8af,9,READY_FOR_UPLOAD,DISCOVERED,1,1,1,0,1,1,,,,,0,0,2026-09-17T09:19:25.420766+00:00,2026-09-11 05:18:52.880624,2026-09-17T09:19:25.420766+00:00
11,424fc93a-123a-4319-b95e-d5f3fceb00f6,140,PROMPT_MISSING,,0,0,0,0,0,0,,,,,0,0,,2026-09-11 05:19:42.391398,2026-09-11 05:19:42.391398
12,4644e4ac-c0ba-4c22-b52e-328bcaf79d47,11,READY_FOR_UPLOAD,,1,1,1,0,1,1,,,,,0,0,2026-09-17T09:28:15.186947+00:00,2026-09-11 05:19:42.423054,2026-09-17T09:28:15.186947+00:00
18,762e3195-7b7d-4c38-a477-3e0655efa7c2,98,PROMPT_MISSING,,0,0,0,0,0,0,,,,,0,0,,2026-09-11 16:17:53.028903,2026-09-11 16:17:53.028903
19,bc452980-b4c5-4f9f-9b58-9a21215d8e57,22,READY_FOR_UPLOAD,VIDEO_GENERATING,1,1,1,0,1,1,,,,Crash recovery: VIDEO_GENERATING → READY_FOR_VIDEO,0,0,2026-09-17T11:41:46.744366+00:00,2026-09-11 16:17:53.368473,2026-09-17T11:41:46.744366+00:00
20,5de57f3d-e4ee-4d37-940f-c854bc8c5d92,55,READY_FOR_VIDEO,VIDEO_GENERATING,1,0,0,0,0,0,,,,Crash recovery: VIDEO_GENERATING → READY_FOR_VIDEO,0,0,,2026-09-11 16:48:20.919307,2026-09-11 16:48:24.563641
21,d33895d6-a1da-4ad4-b148-d14089cdf867,1,LOCKED_UPLOADED,,1,1,1,1,1,1,,,,,0,0,2026-09-13T10:10:28.430682+00:00,2026-09-13T10:10:28.430682+00:00,2026-09-13T10:10:28.430682+00:00
22,d8d21ffe-f227-4ad2-89b4-94ba78a6dbbf,2,LOCKED_UPLOADED,,1,1,1,1,1,1,,,,,0,0,2026-09-13T10:10:28.430682+00:00,2026-09-13T10:10:28.430682+00:00,2026-09-13T10:10:28.430682+00:00
