id,task_id,attempt_number,status,input_data,output_data,error_message,started_at,finished_at
1,1,1,success,"{""image_prompt"": ""5-Layer Open Montage Structure\n\nLayer 1 — Subject: An utterly alien Rice Titan Harvester of impossible scale, larger than a planet, constructed as a living-mechanical agricultural intelligence with innumerable articulated harvesting limbs, continent-sized crop claws, biomechanical machine surfaces, floating auxiliary harvesters, colossal sensor halos, and a central consciousness core glowing inside its torso.\n\nLayer 2 — Environment: Multiple planetary rice worlds arranged around the titan, enormous agricultural continents, artificial irrigation oceans, orbital farms, rings of harvested grain, moons, stars, nebulae, gravitationally distorted landscapes, entire civilizations appearing microscopic against the machine.\n\nLayer 3 — Architecture: Impossible alien megastructure architecture containing nested planetary threshers, rotating dimensional processing spheres, gravitational grain elevators, living-machine conveyor networks, self-repairing biomechanical armor, infinite storage dimensions, orbital drying reactors, autonomous micro-machine ecosystems, and a colossal central belly factory resembling a miniature artificial universe.\n\nLayer 4 — Energy/Physics: Extreme quantum and gravitational phenomena, miniature artificial suns powering the machine, wormholes connecting agricultural worlds, magnetic rivers carrying rice through space, localized time distortion, spatial folding, plasma oceans, luminous quantum foam, gravitational lensing bending stars around the titan, impossible energy fields surrounding every mechanical movement.\n\nLayer 5 — Cinematic Presentation: Maximum-scale cinematic masterpiece, impossible low-angle cosmic perspective with the planet-sized titan dominating the frame, photorealistic alien-mechanical textures, realistic planetary atmospheres, stars distorted by gravity, volumetric plasma clouds, extreme HDR lighting, cinematic depth, microscopic grain detail simultaneously visible against cosmic scale, hyperreal 16K render."", ""video_prompt"": ""Use IMAGE 10 as the first frame and reference image. Exactly 8 seconds, photorealistic cinematic render, smooth continuous motion, no cuts, maximum cinematic realism.\n\nSecond 1 [0:00-0:01] — HUD Popup Text: \""STEP 1: AWAKEN THE TITAN\"" — The alien agricultural intelligence activates, illuminating countless sensor halos and planetary-scale harvesting systems.\n\nSecond 2 [0:01-0:02] — HUD Popup Text: \""STEP 2: HARVEST REALITY\"" — Innumerable colossal arms reach through folded space and gather rice from multiple worlds simultaneously.\n\nSecond 3 [0:02-0:03] — HUD Popup Text: \""STEP 3: TRANSDIMENSIONAL THRESH\"" — Entire crop streams enter wormholes and emerge inside the titan's impossible belly factory.\n\nSecond 4 [0:03-0:04] — HUD Popup Text: \""STEP 4: QUANTUM PURIFICATION\"" — Individual grains float through miniature artificial suns, gravitational separators, magnetic fields, and alien drying reactors.\n\nSecond 5 [0:04-0:05] — HUD Popup Text: \""STEP 5: STORE THE HARVEST UNIVERSE\"" — Finished grains cascade into an infinite-dimensional storage chamber containing vast glowing reserves of rice.\n\nSeconds 6-8 [0:05-0:08]: HUD text completely fades; the camera performs a continuous impossible-scale descent from the cosmic titan into its belly, through alien processing architecture, and finally reaches a maximum close-up of a single rice grain suspended beside a colossal quantum mechanism, with the surrounding machinery stabilizing into a mesmerizing continuous harvesting rhythm, no cuts, no scene transition, exactly 8 seconds.""}","{""package_folder"": ""C:\\Users\\Irak\\Desktop\\Youtube Pipeline\\PromptDatabase\\output_packaged\\Level_10_Rice_Titan_Harvester"", ""video"": ""C:\\Users\\Irak\\Desktop\\Youtube Pipeline\\PromptDatabase\\output_packaged\\Level_10_Rice_Titan_Harvester\\Level_10_Rice_Titan_Harvester.mp4"", ""metadata"": ""C:\\Users\\Irak\\Desktop\\Youtube Pipeline\\PromptDatabase\\output_packaged\\Level_10_Rice_Titan_Harvester\\youtube_metadata.json""}",,2026-08-15 18:12:37.105779,2026-08-15 18:13:21.919150
2,1,2,success,"{""image_prompt"": ""5-Layer Open Montage Structure\n\nLayer 1 — Subject: An utterly alien Rice Titan Harvester of impossible scale, larger than a planet, constructed as a living-mechanical agricultural intelligence with innumerable articulated harvesting limbs, continent-sized crop claws, biomechanical machine surfaces, floating auxiliary harvesters, colossal sensor halos, and a central consciousness core glowing inside its torso.\n\nLayer 2 — Environment: Multiple planetary rice worlds arranged around the titan, enormous agricultural continents, artificial irrigation oceans, orbital farms, rings of harvested grain, moons, stars, nebulae, gravitationally distorted landscapes, entire civilizations appearing microscopic against the machine.\n\nLayer 3 — Architecture: Impossible alien megastructure architecture containing nested planetary threshers, rotating dimensional processing spheres, gravitational grain elevators, living-machine conveyor networks, self-repairing biomechanical armor, infinite storage dimensions, orbital drying reactors, autonomous micro-machine ecosystems, and a colossal central belly factory resembling a miniature artificial universe.\n\nLayer 4 — Energy/Physics: Extreme quantum and gravitational phenomena, miniature artificial suns powering the machine, wormholes connecting agricultural worlds, magnetic rivers carrying rice through space, localized time distortion, spatial folding, plasma oceans, luminous quantum foam, gravitational lensing bending stars around the titan, impossible energy fields surrounding every mechanical movement.\n\nLayer 5 — Cinematic Presentation: Maximum-scale cinematic masterpiece, impossible low-angle cosmic perspective with the planet-sized titan dominating the frame, photorealistic alien-mechanical textures, realistic planetary atmospheres, stars distorted by gravity, volumetric plasma clouds, extreme HDR lighting, cinematic depth, microscopic grain detail simultaneously visible against cosmic scale, hyperreal 16K render."", ""video_prompt"": ""Use IMAGE 10 as the first frame and reference image. Exactly 8 seconds, photorealistic cinematic render, smooth continuous motion, no cuts, maximum cinematic realism.\n\nSecond 1 [0:00-0:01] — HUD Popup Text: \""STEP 1: AWAKEN THE TITAN\"" — The alien agricultural intelligence activates, illuminating countless sensor halos and planetary-scale harvesting systems.\n\nSecond 2 [0:01-0:02] — HUD Popup Text: \""STEP 2: HARVEST REALITY\"" — Innumerable colossal arms reach through folded space and gather rice from multiple worlds simultaneously.\n\nSecond 3 [0:02-0:03] — HUD Popup Text: \""STEP 3: TRANSDIMENSIONAL THRESH\"" — Entire crop streams enter wormholes and emerge inside the titan's impossible belly factory.\n\nSecond 4 [0:03-0:04] — HUD Popup Text: \""STEP 4: QUANTUM PURIFICATION\"" — Individual grains float through miniature artificial suns, gravitational separators, magnetic fields, and alien drying reactors.\n\nSecond 5 [0:04-0:05] — HUD Popup Text: \""STEP 5: STORE THE HARVEST UNIVERSE\"" — Finished grains cascade into an infinite-dimensional storage chamber containing vast glowing reserves of rice.\n\nSeconds 6-8 [0:05-0:08]: HUD text completely fades; the camera performs a continuous impossible-scale descent from the cosmic titan into its belly, through alien processing architecture, and finally reaches a maximum close-up of a single rice grain suspended beside a colossal quantum mechanism, with the surrounding machinery stabilizing into a mesmerizing continuous harvesting rhythm, no cuts, no scene transition, exactly 8 seconds.""}","{""package_folder"": ""C:\\Users\\Irak\\Desktop\\Youtube Pipeline\\PromptDatabase\\output_packaged\\Level_10_Rice_Titan_Harvester"", ""video"": ""C:\\Users\\Irak\\Desktop\\Youtube Pipeline\\PromptDatabase\\output_packaged\\Level_10_Rice_Titan_Harvester\\Level_10_Rice_Titan_Harvester.mp4"", ""metadata"": ""C:\\Users\\Irak\\Desktop\\Youtube Pipeline\\PromptDatabase\\output_packaged\\Level_10_Rice_Titan_Harvester\\youtube_metadata.json""}",,2026-08-15 18:13:07.435708,2026-08-15 18:13:21.622062
3,2,1,success,"{""image_prompt"": ""Layer 1 — Subject: An impossibly colossal alien Rice Titan Harvester, vastly larger than a continent, standing across an entire planetary rice world, its architecture simultaneously mechanical, crystalline, biomechanical, and extraterrestrial, with innumerable articulated harvesting limbs extending beyond the horizon, intelligent harvesting entities moving across its body, and a central agricultural intelligence core resembling a miniature universe.\n\nLayer 2 — Environment: An alien rice planet covered by endless luminous paddy oceans, colossal terraces spanning continents, bioluminescent rice plants, floating irrigation rivers, gigantic atmospheric storms, multiple moons, auroras, alien mountains, microscopic settlements, and vast clouds wrapping around the titan's upper structures.\n\nLayer 3 — Architecture: Transcendent alien-industrial chassis composed of impossible self-assembling materials, crystalline structural bones, biomechanical armor, kilometer-scale articulated limbs, living conveyor networks, reality-bending threshing chambers, quantum grain separators, stellar drying engines, planet-sized storage vaults, autonomous repair organisms, and internal spaces vastly larger than the exterior geometry permits.\n\nLayer 4 — Energy/Physics: Multiple miniature stars and artificial black-hole-like energy cores contained safely inside the torso, enormous quantum fields, gravitational lattices, magnetic vortex harvesting systems, luminous spacetime fractures, exotic particle streams, localized dimensional portals, controlled gravity waves, aurora-like energy surrounding every mechanical movement, while maintaining coherent physically cinematic visual logic.\n\nLayer 5 — Cinematic Presentation: Ultimate maximum-scale cinematic composition from within a rice field looking toward the alien titan as it rises beyond the atmosphere and seemingly into space, multiple moons behind its silhouette, enormous energy structures glowing through clouds, hyper-realistic materials, volumetric cosmic lighting, atmospheric scattering, extreme cinematic depth, breathtaking scale, photorealistic impossible technology, ultra-detailed 16k render."", ""video_prompt"": """"}","{""package_folder"": ""C:\\Users\\Irak\\Desktop\\Youtube Pipeline\\PromptDatabase\\output_packaged\\Level_10_The_Paddy_Ocean_Vacuum"", ""video"": ""C:\\Users\\Irak\\Desktop\\Youtube Pipeline\\PromptDatabase\\output_packaged\\Level_10_The_Paddy_Ocean_Vacuum\\Level_10_The_Paddy_Ocean_Vacuum.mp4"", ""metadata"": ""C:\\Users\\Irak\\Desktop\\Youtube Pipeline\\PromptDatabase\\output_packaged\\Level_10_The_Paddy_Ocean_Vacuum\\youtube_metadata.json""}",,2026-08-15 18:13:21.717103,2026-08-15 18:13:30.538917
4,2,2,success,"{""image_prompt"": ""Layer 1 — Subject: An impossibly colossal alien Rice Titan Harvester, vastly larger than a continent, standing across an entire planetary rice world, its architecture simultaneously mechanical, crystalline, biomechanical, and extraterrestrial, with innumerable articulated harvesting limbs extending beyond the horizon, intelligent harvesting entities moving across its body, and a central agricultural intelligence core resembling a miniature universe.\n\nLayer 2 — Environment: An alien rice planet covered by endless luminous paddy oceans, colossal terraces spanning continents, bioluminescent rice plants, floating irrigation rivers, gigantic atmospheric storms, multiple moons, auroras, alien mountains, microscopic settlements, and vast clouds wrapping around the titan's upper structures.\n\nLayer 3 — Architecture: Transcendent alien-industrial chassis composed of impossible self-assembling materials, crystalline structural bones, biomechanical armor, kilometer-scale articulated limbs, living conveyor networks, reality-bending threshing chambers, quantum grain separators, stellar drying engines, planet-sized storage vaults, autonomous repair organisms, and internal spaces vastly larger than the exterior geometry permits.\n\nLayer 4 — Energy/Physics: Multiple miniature stars and artificial black-hole-like energy cores contained safely inside the torso, enormous quantum fields, gravitational lattices, magnetic vortex harvesting systems, luminous spacetime fractures, exotic particle streams, localized dimensional portals, controlled gravity waves, aurora-like energy surrounding every mechanical movement, while maintaining coherent physically cinematic visual logic.\n\nLayer 5 — Cinematic Presentation: Ultimate maximum-scale cinematic composition from within a rice field looking toward the alien titan as it rises beyond the atmosphere and seemingly into space, multiple moons behind its silhouette, enormous energy structures glowing through clouds, hyper-realistic materials, volumetric cosmic lighting, atmospheric scattering, extreme cinematic depth, breathtaking scale, photorealistic impossible technology, ultra-detailed 16k render."", ""video_prompt"": """"}","{""package_folder"": ""C:\\Users\\Irak\\Desktop\\Youtube Pipeline\\PromptDatabase\\output_packaged\\Level_10_The_Paddy_Ocean_Vacuum"", ""video"": ""C:\\Users\\Irak\\Desktop\\Youtube Pipeline\\PromptDatabase\\output_packaged\\Level_10_The_Paddy_Ocean_Vacuum\\Level_10_The_Paddy_Ocean_Vacuum.mp4"", ""metadata"": ""C:\\Users\\Irak\\Desktop\\Youtube Pipeline\\PromptDatabase\\output_packaged\\Level_10_The_Paddy_Ocean_Vacuum\\youtube_metadata.json""}",,2026-08-15 18:13:21.982227,2026-08-15 18:14:23.018562
5,3,1,success,"{""image_prompt"": ""Level 10 Alien Megastructure for Rice-Field Spider Colossus."", ""video_prompt"": ""8-second Level 10 operation of Rice-Field Spider Colossus with 5-step HUD telemetry popups.""}","{""package_folder"": ""C:\\Users\\Irak\\Desktop\\Youtube Pipeline\\PromptDatabase\\output_packaged\\Level_10_Rice-Field_Spider_Colossus"", ""video"": ""C:\\Users\\Irak\\Desktop\\Youtube Pipeline\\PromptDatabase\\output_packaged\\Level_10_Rice-Field_Spider_Colossus\\Level_10_Rice-Field_Spider_Colossus.mp4"", ""metadata"": ""C:\\Users\\Irak\\Desktop\\Youtube Pipeline\\PromptDatabase\\output_packaged\\Level_10_Rice-Field_Spider_Colossus\\youtube_metadata.json""}",,2026-08-15 18:13:30.742899,2026-08-15 18:13:49.378840
6,3,2,success,"{""image_prompt"": ""Level 10 Alien Megastructure for Rice-Field Spider Colossus."", ""video_prompt"": ""8-second Level 10 operation of Rice-Field Spider Colossus with 5-step HUD telemetry popups.""}","{""package_folder"": ""C:\\Users\\Irak\\Desktop\\Youtube Pipeline\\PromptDatabase\\output_packaged\\Level_10_Rice-Field_Spider_Colossus"", ""video"": ""C:\\Users\\Irak\\Desktop\\Youtube Pipeline\\PromptDatabase\\output_packaged\\Level_10_Rice-Field_Spider_Colossus\\Level_10_Rice-Field_Spider_Colossus.mp4"", ""metadata"": ""C:\\Users\\Irak\\Desktop\\Youtube Pipeline\\PromptDatabase\\output_packaged\\Level_10_Rice-Field_Spider_Colossus\\youtube_metadata.json""}",,2026-08-15 18:13:40.869675,2026-08-15 18:13:54.181340
7,4,1,success,"{""image_prompt"": ""Level 10 Alien Megastructure for The Monsoon Harvesting Ark."", ""video_prompt"": ""8-second Level 10 operation of The Monsoon Harvesting Ark with 5-step HUD telemetry popups.""}","{""package_folder"": ""C:\\Users\\Irak\\Desktop\\Youtube Pipeline\\PromptDatabase\\output_packaged\\Level_10_The_Monsoon_Harvesting_Ark"", ""video"": ""C:\\Users\\Irak\\Desktop\\Youtube Pipeline\\PromptDatabase\\output_packaged\\Level_10_The_Monsoon_Harvesting_Ark\\Level_10_The_Monsoon_Harvesting_Ark.mp4"", ""metadata"": ""C:\\Users\\Irak\\Desktop\\Youtube Pipeline\\PromptDatabase\\output_packaged\\Level_10_The_Monsoon_Harvesting_Ark\\youtube_metadata.json""}",,2026-08-15 18:13:49.458284,2026-08-15 18:14:00.302548
8,4,2,success,"{""image_prompt"": ""Level 10 Alien Megastructure for The Monsoon Harvesting Ark."", ""video_prompt"": ""8-second Level 10 operation of The Monsoon Harvesting Ark with 5-step HUD telemetry popups.""}","{""package_folder"": ""C:\\Users\\Irak\\Desktop\\Youtube Pipeline\\PromptDatabase\\output_packaged\\Level_10_The_Monsoon_Harvesting_Ark"", ""video"": ""C:\\Users\\Irak\\Desktop\\Youtube Pipeline\\PromptDatabase\\output_packaged\\Level_10_The_Monsoon_Harvesting_Ark\\Level_10_The_Monsoon_Harvesting_Ark.mp4"", ""metadata"": ""C:\\Users\\Irak\\Desktop\\Youtube Pipeline\\PromptDatabase\\output_packaged\\Level_10_The_Monsoon_Harvesting_Ark\\youtube_metadata.json""}",,2026-08-15 18:13:54.655490,2026-08-15 18:14:00.983786
9,5,1,success,"{""image_prompt"": ""Level 10 Alien Megastructure for Paddy Ring Megaharvester."", ""video_prompt"": ""8-second Level 10 operation of Paddy Ring Megaharvester with 5-step HUD telemetry popups.""}","{""package_folder"": ""C:\\Users\\Irak\\Desktop\\Youtube Pipeline\\PromptDatabase\\output_packaged\\Level_10_Paddy_Ring_Megaharvester"", ""video"": ""C:\\Users\\Irak\\Desktop\\Youtube Pipeline\\PromptDatabase\\output_packaged\\Level_10_Paddy_Ring_Megaharvester\\Level_10_Paddy_Ring_Megaharvester.mp4"", ""metadata"": ""C:\\Users\\Irak\\Desktop\\Youtube Pipeline\\PromptDatabase\\output_packaged\\Level_10_Paddy_Ring_Megaharvester\\youtube_metadata.json""}",,2026-08-15 18:14:00.395412,2026-08-15 18:14:08.345115
10,5,2,success,"{""image_prompt"": ""Level 10 Alien Megastructure for Paddy Ring Megaharvester."", ""video_prompt"": ""8-second Level 10 operation of Paddy Ring Megaharvester with 5-step HUD telemetry popups.""}","{""package_folder"": ""C:\\Users\\Irak\\Desktop\\Youtube Pipeline\\PromptDatabase\\output_packaged\\Level_10_Paddy_Ring_Megaharvester"", ""video"": ""C:\\Users\\Irak\\Desktop\\Youtube Pipeline\\PromptDatabase\\output_packaged\\Level_10_Paddy_Ring_Megaharvester\\Level_10_Paddy_Ring_Megaharvester.mp4"", ""metadata"": ""C:\\Users\\Irak\\Desktop\\Youtube Pipeline\\PromptDatabase\\output_packaged\\Level_10_Paddy_Ring_Megaharvester\\youtube_metadata.json""}",,2026-08-15 18:14:01.050289,2026-08-15 18:14:08.371191
11,6,1,success,"{""image_prompt"": ""Level 10 Alien Megastructure for Sky Reaper Rice Fortress."", ""video_prompt"": ""8-second Level 10 operation of Sky Reaper Rice Fortress with 5-step HUD telemetry popups.""}","{""package_folder"": ""C:\\Users\\Irak\\Desktop\\Youtube Pipeline\\PromptDatabase\\output_packaged\\Level_10_Sky_Reaper_Rice_Fortress"", ""video"": ""C:\\Users\\Irak\\Desktop\\Youtube Pipeline\\PromptDatabase\\output_packaged\\Level_10_Sky_Reaper_Rice_Fortress\\Level_10_Sky_Reaper_Rice_Fortress.mp4"", ""metadata"": ""C:\\Users\\Irak\\Desktop\\Youtube Pipeline\\PromptDatabase\\output_packaged\\Level_10_Sky_Reaper_Rice_Fortress\\youtube_metadata.json""}",,2026-08-15 18:14:08.452704,2026-08-15 18:14:15.812898
12,7,1,success,"{""image_prompt"": ""Level 10 Alien Megastructure for Sky Reaper Rice Fortress."", ""video_prompt"": ""8-second Level 10 operation of Sky Reaper Rice Fortress with 5-step HUD telemetry popups.""}","{""package_folder"": ""C:\\Users\\Irak\\Desktop\\Youtube Pipeline\\PromptDatabase\\output_packaged\\Level_10_Sky_Reaper_Rice_Fortress"", ""video"": ""C:\\Users\\Irak\\Desktop\\Youtube Pipeline\\PromptDatabase\\output_packaged\\Level_10_Sky_Reaper_Rice_Fortress\\Level_10_Sky_Reaper_Rice_Fortress.mp4"", ""metadata"": ""C:\\Users\\Irak\\Desktop\\Youtube Pipeline\\PromptDatabase\\output_packaged\\Level_10_Sky_Reaper_Rice_Fortress\\youtube_metadata.json""}",,2026-08-15 18:14:08.503391,2026-08-15 18:14:15.925668
13,8,1,success,"{""image_prompt"": ""Level 10 Alien Megastructure for The Rice Comb Superstructure."", ""video_prompt"": ""8-second Level 10 operation of The Rice Comb Superstructure with 5-step HUD telemetry popups.""}","{""package_folder"": ""C:\\Users\\Irak\\Desktop\\Youtube Pipeline\\PromptDatabase\\output_packaged\\Level_10_The_Rice_Comb_Superstructure"", ""video"": ""C:\\Users\\Irak\\Desktop\\Youtube Pipeline\\PromptDatabase\\output_packaged\\Level_10_The_Rice_Comb_Superstructure\\Level_10_The_Rice_Comb_Superstructure.mp4"", ""metadata"": ""C:\\Users\\Irak\\Desktop\\Youtube Pipeline\\PromptDatabase\\output_packaged\\Level_10_The_Rice_Comb_Superstructure\\youtube_metadata.json""}",,2026-08-15 18:14:15.891174,2026-08-15 18:14:23.475604
14,8,2,success,"{""image_prompt"": ""Level 10 Alien Megastructure for The Rice Comb Superstructure."", ""video_prompt"": ""8-second Level 10 operation of The Rice Comb Superstructure with 5-step HUD telemetry popups.""}","{""package_folder"": ""C:\\Users\\Irak\\Desktop\\Youtube Pipeline\\PromptDatabase\\output_packaged\\Level_10_The_Rice_Comb_Superstructure"", ""video"": ""C:\\Users\\Irak\\Desktop\\Youtube Pipeline\\PromptDatabase\\output_packaged\\Level_10_The_Rice_Comb_Superstructure\\Level_10_The_Rice_Comb_Superstructure.mp4"", ""metadata"": ""C:\\Users\\Irak\\Desktop\\Youtube Pipeline\\PromptDatabase\\output_packaged\\Level_10_The_Rice_Comb_Superstructure\\youtube_metadata.json""}",,2026-08-15 18:14:15.990874,2026-08-15 18:14:23.237563
15,8,3,success,"{""image_prompt"": ""Level 10 Alien Megastructure for The Rice Comb Superstructure."", ""video_prompt"": ""8-second Level 10 operation of The Rice Comb Superstructure with 5-step HUD telemetry popups.""}","{""package_folder"": ""C:\\Users\\Irak\\Desktop\\Youtube Pipeline\\PromptDatabase\\output_packaged\\Level_10_The_Rice_Comb_Superstructure"", ""video"": ""C:\\Users\\Irak\\Desktop\\Youtube Pipeline\\PromptDatabase\\output_packaged\\Level_10_The_Rice_Comb_Superstructure\\Level_10_The_Rice_Comb_Superstructure.mp4"", ""metadata"": ""C:\\Users\\Irak\\Desktop\\Youtube Pipeline\\PromptDatabase\\output_packaged\\Level_10_The_Rice_Comb_Superstructure\\youtube_metadata.json""}",,2026-08-15 18:14:23.174948,2026-08-15 18:14:59.533045
16,9,1,success,"{""image_prompt"": ""Level 10 Alien Megastructure for Paddy-Gulping Harvest Worm."", ""video_prompt"": ""8-second Level 10 operation of Paddy-Gulping Harvest Worm with 5-step HUD telemetry popups.""}","{""package_folder"": ""C:\\Users\\Irak\\Desktop\\Youtube Pipeline\\PromptDatabase\\output_packaged\\Level_10_Paddy-Gulping_Harvest_Worm"", ""video"": ""C:\\Users\\Irak\\Desktop\\Youtube Pipeline\\PromptDatabase\\output_packaged\\Level_10_Paddy-Gulping_Harvest_Worm\\Level_10_Paddy-Gulping_Harvest_Worm.mp4"", ""metadata"": ""C:\\Users\\Irak\\Desktop\\Youtube Pipeline\\PromptDatabase\\output_packaged\\Level_10_Paddy-Gulping_Harvest_Worm\\youtube_metadata.json""}",,2026-08-15 18:14:23.328167,2026-08-15 18:14:32.955486
17,9,2,success,"{""image_prompt"": ""Level 10 Alien Megastructure for Paddy-Gulping Harvest Worm."", ""video_prompt"": ""8-second Level 10 operation of Paddy-Gulping Harvest Worm with 5-step HUD telemetry popups.""}","{""package_folder"": ""C:\\Users\\Irak\\Desktop\\Youtube Pipeline\\PromptDatabase\\output_packaged\\Level_10_Paddy-Gulping_Harvest_Worm"", ""video"": ""C:\\Users\\Irak\\Desktop\\Youtube Pipeline\\PromptDatabase\\output_packaged\\Level_10_Paddy-Gulping_Harvest_Worm\\Level_10_Paddy-Gulping_Harvest_Worm.mp4"", ""metadata"": ""C:\\Users\\Irak\\Desktop\\Youtube Pipeline\\PromptDatabase\\output_packaged\\Level_10_Paddy-Gulping_Harvest_Worm\\youtube_metadata.json""}",,2026-08-15 18:14:23.531796,2026-08-15 18:14:34.923922
18,10,1,success,"{""image_prompt"": ""Level 10 Alien Megastructure for Rice Moon Harvester."", ""video_prompt"": ""8-second Level 10 operation of Rice Moon Harvester with 5-step HUD telemetry popups.""}","{""package_folder"": ""C:\\Users\\Irak\\Desktop\\Youtube Pipeline\\PromptDatabase\\output_packaged\\Level_10_Rice_Moon_Harvester"", ""video"": ""C:\\Users\\Irak\\Desktop\\Youtube Pipeline\\PromptDatabase\\output_packaged\\Level_10_Rice_Moon_Harvester\\Level_10_Rice_Moon_Harvester.mp4"", ""metadata"": ""C:\\Users\\Irak\\Desktop\\Youtube Pipeline\\PromptDatabase\\output_packaged\\Level_10_Rice_Moon_Harvester\\youtube_metadata.json""}",,2026-08-15 18:14:33.017960,2026-08-15 18:14:44.835471
19,10,2,success,"{""image_prompt"": ""Level 10 Alien Megastructure for Rice Moon Harvester."", ""video_prompt"": ""8-second Level 10 operation of Rice Moon Harvester with 5-step HUD telemetry popups.""}","{""package_folder"": ""C:\\Users\\Irak\\Desktop\\Youtube Pipeline\\PromptDatabase\\output_packaged\\Level_10_Rice_Moon_Harvester"", ""video"": ""C:\\Users\\Irak\\Desktop\\Youtube Pipeline\\PromptDatabase\\output_packaged\\Level_10_Rice_Moon_Harvester\\Level_10_Rice_Moon_Harvester.mp4"", ""metadata"": ""C:\\Users\\Irak\\Desktop\\Youtube Pipeline\\PromptDatabase\\output_packaged\\Level_10_Rice_Moon_Harvester\\youtube_metadata.json""}",,2026-08-15 18:14:34.982934,2026-08-15 18:14:52.677241
20,11,1,success,"{""image_prompt"": ""Level 10 Alien Megastructure for The Infinite Rice Factory."", ""video_prompt"": ""8-second Level 10 operation of The Infinite Rice Factory with 5-step HUD telemetry popups.""}","{""package_folder"": ""C:\\Users\\Irak\\Desktop\\Youtube Pipeline\\PromptDatabase\\output_packaged\\Level_10_The_Infinite_Rice_Factory"", ""video"": ""C:\\Users\\Irak\\Desktop\\Youtube Pipeline\\PromptDatabase\\output_packaged\\Level_10_The_Infinite_Rice_Factory\\Level_10_The_Infinite_Rice_Factory.mp4"", ""metadata"": ""C:\\Users\\Irak\\Desktop\\Youtube Pipeline\\PromptDatabase\\output_packaged\\Level_10_The_Infinite_Rice_Factory\\youtube_metadata.json""}",,2026-08-15 18:14:44.917150,2026-08-15 18:14:58.805906
21,11,2,failed,"{""image_prompt"": ""Level 10 Alien Megastructure for The Infinite Rice Factory."", ""video_prompt"": ""8-second Level 10 operation of The Infinite Rice Factory with 5-step HUD telemetry popups.""}",,[Errno 22] Invalid argument,2026-08-15 18:14:52.732655,2026-08-15 18:14:58.747748
22,12,1,success,"{""image_prompt"": ""Layer 1: Core Colossal Wheat Combine Titan titan subject. Layer 2: Wheat Field environment. Layer 3: Titanic chassis architecture. Layer 4: Quantum energy field glows. Layer 5: 16k photorealistic cinematic camera framing."", ""video_prompt"": ""STEP 1: Core Startup | STEP 2: Harvester Deployment | STEP 3: Intake Acceleration | STEP 4: Processing Wave | STEP 5: Full Output Stabilization. Camera smoothly pans across Colossal Wheat Combine Titan for 8 seconds.""}","{""package_folder"": ""C:\\Users\\Irak\\Desktop\\Youtube Pipeline\\PromptDatabase\\output_packaged\\Level_10_Colossal_Wheat_Combine_Titan"", ""video"": ""C:\\Users\\Irak\\Desktop\\Youtube Pipeline\\PromptDatabase\\output_packaged\\Level_10_Colossal_Wheat_Combine_Titan\\Level_10_Colossal_Wheat_Combine_Titan.mp4"", ""metadata"": ""C:\\Users\\Irak\\Desktop\\Youtube Pipeline\\PromptDatabase\\output_packaged\\Level_10_Colossal_Wheat_Combine_Titan\\youtube_metadata.json""}",,2026-08-16 14:57:00.167503,2026-08-16 14:57:10.922832
23,13,1,success,"{""idea_id"": 12, ""idea_title"": ""The Solar Wheat Sifter"", ""video_prompt"": ""STEP 1: Core Startup | STEP 2: Harvester Deployment | STEP 3: Intake Acceleration | STEP 4: Processing Wave | STEP 5: Full Output Stabilization. Camera smoothly pans across The Solar Wheat Sifter for 8 seconds."", ""image_prompt"": ""Layer 1: Core The Solar Wheat Sifter titan subject. Layer 2: Wheat Field environment. Layer 3: Titanic chassis architecture. Layer 4: Quantum energy field glows. Layer 5: 16k photorealistic cinematic camera framing."", ""target_folder"": ""C:\\Users\\Irak\\Desktop\\Youtube Pipeline\\PromptDatabase\\output_packaged\\Level_10_The_Solar_Wheat_Sifter""}","{""folder"": ""C:\\Users\\Irak\\Desktop\\Youtube Pipeline\\PromptDatabase\\output_packaged\\Level_10_The_Solar_Wheat_Sifter"", ""video"": ""C:\\Users\\Irak\\Desktop\\Youtube Pipeline\\PromptDatabase\\output_packaged\\Level_10_The_Solar_Wheat_Sifter\\Level_10_The_Solar_Wheat_Sifter.mp4"", ""metadata"": ""C:\\Users\\Irak\\Desktop\\Youtube Pipeline\\PromptDatabase\\output_packaged\\Level_10_The_Solar_Wheat_Sifter\\youtube_metadata.json""}",,2026-08-16 15:24:44.063857,2026-08-16 15:25:09.709266
24,1,3,success,"{""idea_id"": 1, ""idea_title"": ""Rice Titan Harvester"", ""video_prompt"": ""Use IMAGE 10 as the first frame and reference image. Exactly 8 seconds, photorealistic cinematic render, smooth continuous motion, no cuts, maximum cinematic realism.\n\nSecond 1 [0:00-0:01] \u2014 HUD Popup Text: \""STEP 1: AWAKEN THE TITAN\"" \u2014 The alien agricultural intelligence activates, illuminating countless sensor halos and planetary-scale harvesting systems.\n\nSecond 2 [0:01-0:02] \u2014 HUD Popup Text: \""STEP 2: HARVEST REALITY\"" \u2014 Innumerable colossal arms reach through folded space and gather rice from multiple worlds simultaneously.\n\nSecond 3 [0:02-0:03] \u2014 HUD Popup Text: \""STEP 3: TRANSDIMENSIONAL THRESH\"" \u2014 Entire crop streams enter wormholes and emerge inside the titan's impossible belly factory.\n\nSecond 4 [0:03-0:04] \u2014 HUD Popup Text: \""STEP 4: QUANTUM PURIFICATION\"" \u2014 Individual grains float through miniature artificial suns, gravitational separators, magnetic fields, and alien drying reactors.\n\nSecond 5 [0:04-0:05] \u2014 HUD Popup Text: \""STEP 5: STORE THE HARVEST UNIVERSE\"" \u2014 Finished grains cascade into an infinite-dimensional storage chamber containing vast glowing reserves of rice.\n\nSeconds 6-8 [0:05-0:08]: HUD text completely fades; the camera performs a continuous impossible-scale descent from the cosmic titan into its belly, through alien processing architecture, and finally reaches a maximum close-up of a single rice grain suspended beside a colossal quantum mechanism, with the surrounding machinery stabilizing into a mesmerizing continuous harvesting rhythm, no cuts, no scene transition, exactly 8 seconds."", ""image_prompt"": ""5-Layer Open Montage Structure\n\nLayer 1 \u2014 Subject: An utterly alien Rice Titan Harvester of impossible scale, larger than a planet, constructed as a living-mechanical agricultural intelligence with innumerable articulated harvesting limbs, continent-sized crop claws, biomechanical machine surfaces, floating auxiliary harvesters, colossal sensor halos, and a central consciousness core glowing inside its torso.\n\nLayer 2 \u2014 Environment: Multiple planetary rice worlds arranged around the titan, enormous agricultural continents, artificial irrigation oceans, orbital farms, rings of harvested grain, moons, stars, nebulae, gravitationally distorted landscapes, entire civilizations appearing microscopic against the machine.\n\nLayer 3 \u2014 Architecture: Impossible alien megastructure architecture containing nested planetary threshers, rotating dimensional processing spheres, gravitational grain elevators, living-machine conveyor networks, self-repairing biomechanical armor, infinite storage dimensions, orbital drying reactors, autonomous micro-machine ecosystems, and a colossal central belly factory resembling a miniature artificial universe.\n\nLayer 4 \u2014 Energy/Physics: Extreme quantum and gravitational phenomena, miniature artificial suns powering the machine, wormholes connecting agricultural worlds, magnetic rivers carrying rice through space, localized time distortion, spatial folding, plasma oceans, luminous quantum foam, gravitational lensing bending stars around the titan, impossible energy fields surrounding every mechanical movement.\n\nLayer 5 \u2014 Cinematic Presentation: Maximum-scale cinematic masterpiece, impossible low-angle cosmic perspective with the planet-sized titan dominating the frame, photorealistic alien-mechanical textures, realistic planetary atmospheres, stars distorted by gravity, volumetric plasma clouds, extreme HDR lighting, cinematic depth, microscopic grain detail simultaneously visible against cosmic scale, hyperreal 16K render."", ""target_folder"": ""C:\\Users\\Irak\\Desktop\\Youtube Pipeline\\PromptDatabase\\output_packaged\\Level_10_Rice_Titan_Harvester""}","{""folder"": ""C:\\Users\\Irak\\Desktop\\Youtube Pipeline\\PromptDatabase\\output_packaged\\Level_10_Rice_Titan_Harvester"", ""video"": ""C:\\Users\\Irak\\Desktop\\Youtube Pipeline\\PromptDatabase\\output_packaged\\Level_10_Rice_Titan_Harvester\\Level_10_Rice_Titan_Harvester.mp4"", ""metadata"": ""C:\\Users\\Irak\\Desktop\\Youtube Pipeline\\PromptDatabase\\output_packaged\\Level_10_Rice_Titan_Harvester\\youtube_metadata.json"", ""prompt_info"": ""C:\\Users\\Irak\\Desktop\\Youtube Pipeline\\PromptDatabase\\output_packaged\\Level_10_Rice_Titan_Harvester\\prompt_info.json""}",,2026-08-18 07:33:17.376653,2026-08-18 07:33:42.701059
25,2,3,success,"{""idea_id"": 2, ""idea_title"": ""The Paddy Ocean Vacuum"", ""video_prompt"": """", ""image_prompt"": ""Layer 1 \u2014 Subject: An impossibly colossal alien Rice Titan Harvester, vastly larger than a continent, standing across an entire planetary rice world, its architecture simultaneously mechanical, crystalline, biomechanical, and extraterrestrial, with innumerable articulated harvesting limbs extending beyond the horizon, intelligent harvesting entities moving across its body, and a central agricultural intelligence core resembling a miniature universe.\n\nLayer 2 \u2014 Environment: An alien rice planet covered by endless luminous paddy oceans, colossal terraces spanning continents, bioluminescent rice plants, floating irrigation rivers, gigantic atmospheric storms, multiple moons, auroras, alien mountains, microscopic settlements, and vast clouds wrapping around the titan's upper structures.\n\nLayer 3 \u2014 Architecture: Transcendent alien-industrial chassis composed of impossible self-assembling materials, crystalline structural bones, biomechanical armor, kilometer-scale articulated limbs, living conveyor networks, reality-bending threshing chambers, quantum grain separators, stellar drying engines, planet-sized storage vaults, autonomous repair organisms, and internal spaces vastly larger than the exterior geometry permits.\n\nLayer 4 \u2014 Energy/Physics: Multiple miniature stars and artificial black-hole-like energy cores contained safely inside the torso, enormous quantum fields, gravitational lattices, magnetic vortex harvesting systems, luminous spacetime fractures, exotic particle streams, localized dimensional portals, controlled gravity waves, aurora-like energy surrounding every mechanical movement, while maintaining coherent physically cinematic visual logic.\n\nLayer 5 \u2014 Cinematic Presentation: Ultimate maximum-scale cinematic composition from within a rice field looking toward the alien titan as it rises beyond the atmosphere and seemingly into space, multiple moons behind its silhouette, enormous energy structures glowing through clouds, hyper-realistic materials, volumetric cosmic lighting, atmospheric scattering, extreme cinematic depth, breathtaking scale, photorealistic impossible technology, ultra-detailed 16k render."", ""target_folder"": ""C:\\Users\\Irak\\Desktop\\Youtube Pipeline\\PromptDatabase\\output_packaged\\Level_10_The_Paddy_Ocean_Vacuum""}","{""folder"": ""C:\\Users\\Irak\\Desktop\\Youtube Pipeline\\PromptDatabase\\output_packaged\\Level_10_The_Paddy_Ocean_Vacuum"", ""video"": ""C:\\Users\\Irak\\Desktop\\Youtube Pipeline\\PromptDatabase\\output_packaged\\Level_10_The_Paddy_Ocean_Vacuum\\Level_10_The_Paddy_Ocean_Vacuum.mp4"", ""metadata"": ""C:\\Users\\Irak\\Desktop\\Youtube Pipeline\\PromptDatabase\\output_packaged\\Level_10_The_Paddy_Ocean_Vacuum\\youtube_metadata.json"", ""prompt_info"": ""C:\\Users\\Irak\\Desktop\\Youtube Pipeline\\PromptDatabase\\output_packaged\\Level_10_The_Paddy_Ocean_Vacuum\\prompt_info.json""}",,2026-08-18 07:33:50.959834,2026-08-18 07:34:19.206137
26,3,1,success,"{""idea_id"": 3, ""idea_title"": ""Rice-Field Spider Colossus"", ""video_prompt"": ""STEP 1: Core Startup | STEP 2: Harvester Deployment | STEP 3: Intake Acceleration | STEP 4: Processing Wave | STEP 5: Full Output Stabilization. Camera smoothly pans across Rice-Field Spider Colossus for 8 seconds."", ""image_prompt"": ""Layer 1: Core Rice-Field Spider Colossus titan subject. Layer 2: Paddy Harvesting environment. Layer 3: Titanic chassis architecture. Layer 4: Quantum energy field glows. Layer 5: 16k photorealistic cinematic camera framing."", ""target_folder"": ""C:\\Users\\Irak\\Desktop\\Youtube Pipeline\\PromptDatabase\\output_packaged\\Level_10_Rice-Field_Spider_Colossus""}","{""folder"": ""C:\\Users\\Irak\\Desktop\\Youtube Pipeline\\PromptDatabase\\output_packaged\\Level_10_Rice-Field_Spider_Colossus"", ""video"": ""C:\\Users\\Irak\\Desktop\\Youtube Pipeline\\PromptDatabase\\output_packaged\\Level_10_Rice-Field_Spider_Colossus\\Level_10_Rice-Field_Spider_Colossus.mp4"", ""metadata"": ""C:\\Users\\Irak\\Desktop\\Youtube Pipeline\\PromptDatabase\\output_packaged\\Level_10_Rice-Field_Spider_Colossus\\youtube_metadata.json"", ""prompt_info"": ""C:\\Users\\Irak\\Desktop\\Youtube Pipeline\\PromptDatabase\\output_packaged\\Level_10_Rice-Field_Spider_Colossus\\prompt_info.json""}",,2026-08-18 07:34:47.978839,2026-08-18 07:34:48.053430
27,4,1,success,"{""idea_id"": 4, ""idea_title"": ""The Monsoon Harvesting Ark"", ""video_prompt"": ""STEP 1: Core Startup | STEP 2: Harvester Deployment | STEP 3: Intake Acceleration | STEP 4: Processing Wave | STEP 5: Full Output Stabilization. Camera smoothly pans across The Monsoon Harvesting Ark for 8 seconds."", ""image_prompt"": ""Layer 1: Core The Monsoon Harvesting Ark titan subject. Layer 2: Paddy Harvesting environment. Layer 3: Titanic chassis architecture. Layer 4: Quantum energy field glows. Layer 5: 16k photorealistic cinematic camera framing."", ""target_folder"": ""C:\\Users\\Irak\\Desktop\\Youtube Pipeline\\PromptDatabase\\output_packaged\\Level_10_The_Monsoon_Harvesting_Ark""}","{""folder"": ""C:\\Users\\Irak\\Desktop\\Youtube Pipeline\\PromptDatabase\\output_packaged\\Level_10_The_Monsoon_Harvesting_Ark"", ""video"": ""C:\\Users\\Irak\\Desktop\\Youtube Pipeline\\PromptDatabase\\output_packaged\\Level_10_The_Monsoon_Harvesting_Ark\\Level_10_The_Monsoon_Harvesting_Ark.mp4"", ""metadata"": ""C:\\Users\\Irak\\Desktop\\Youtube Pipeline\\PromptDatabase\\output_packaged\\Level_10_The_Monsoon_Harvesting_Ark\\youtube_metadata.json"", ""prompt_info"": ""C:\\Users\\Irak\\Desktop\\Youtube Pipeline\\PromptDatabase\\output_packaged\\Level_10_The_Monsoon_Harvesting_Ark\\prompt_info.json""}",,2026-08-18 07:35:04.879553,2026-08-18 07:35:04.918100
28,5,1,success,"{""idea_id"": 5, ""idea_title"": ""Paddy Ring Megaharvester"", ""video_prompt"": ""STEP 1: Core Startup | STEP 2: Harvester Deployment | STEP 3: Intake Acceleration | STEP 4: Processing Wave | STEP 5: Full Output Stabilization. Camera smoothly pans across Paddy Ring Megaharvester for 8 seconds."", ""image_prompt"": ""Layer 1: Core Paddy Ring Megaharvester titan subject. Layer 2: Paddy Harvesting environment. Layer 3: Titanic chassis architecture. Layer 4: Quantum energy field glows. Layer 5: 16k photorealistic cinematic camera framing."", ""target_folder"": ""C:\\Users\\Irak\\Desktop\\Youtube Pipeline\\PromptDatabase\\output_packaged\\1.5.Level_10_Paddy_Ring_Megaharvester""}","{""folder"": ""C:\\Users\\Irak\\Desktop\\Youtube Pipeline\\PromptDatabase\\output_packaged\\1.5.Level_10_Paddy_Ring_Megaharvester"", ""video"": ""C:\\Users\\Irak\\Desktop\\Youtube Pipeline\\PromptDatabase\\output_packaged\\1.5.Level_10_Paddy_Ring_Megaharvester\\1.5.Level_10_Paddy_Ring_Megaharvester.mp4"", ""metadata"": ""C:\\Users\\Irak\\Desktop\\Youtube Pipeline\\PromptDatabase\\output_packaged\\1.5.Level_10_Paddy_Ring_Megaharvester\\youtube_metadata.json"", ""prompt_info"": ""C:\\Users\\Irak\\Desktop\\Youtube Pipeline\\PromptDatabase\\output_packaged\\1.5.Level_10_Paddy_Ring_Megaharvester\\prompt_info.json""}",,2026-08-18 07:55:47.567544,2026-08-18 07:55:47.665838
29,2,4,waiting_for_video,"{""idea_id"": 2, ""idea_title"": ""The Paddy Ocean Vacuum"", ""video_prompt"": """", ""image_prompt"": ""Layer 1 \u2014 Subject: An impossibly colossal alien Rice Titan Harvester, vastly larger than a continent, standing across an entire planetary rice world, its architecture simultaneously mechanical, crystalline, biomechanical, and extraterrestrial, with innumerable articulated harvesting limbs extending beyond the horizon, intelligent harvesting entities moving across its body, and a central agricultural intelligence core resembling a miniature universe.\n\nLayer 2 \u2014 Environment: An alien rice planet covered by endless luminous paddy oceans, colossal terraces spanning continents, bioluminescent rice plants, floating irrigation rivers, gigantic atmospheric storms, multiple moons, auroras, alien mountains, microscopic settlements, and vast clouds wrapping around the titan's upper structures.\n\nLayer 3 \u2014 Architecture: Transcendent alien-industrial chassis composed of impossible self-assembling materials, crystalline structural bones, biomechanical armor, kilometer-scale articulated limbs, living conveyor networks, reality-bending threshing chambers, quantum grain separators, stellar drying engines, planet-sized storage vaults, autonomous repair organisms, and internal spaces vastly larger than the exterior geometry permits.\n\nLayer 4 \u2014 Energy/Physics: Multiple miniature stars and artificial black-hole-like energy cores contained safely inside the torso, enormous quantum fields, gravitational lattices, magnetic vortex harvesting systems, luminous spacetime fractures, exotic particle streams, localized dimensional portals, controlled gravity waves, aurora-like energy surrounding every mechanical movement, while maintaining coherent physically cinematic visual logic.\n\nLayer 5 \u2014 Cinematic Presentation: Ultimate maximum-scale cinematic composition from within a rice field looking toward the alien titan as it rises beyond the atmosphere and seemingly into space, multiple moons behind its silhouette, enormous energy structures glowing through clouds, hyper-realistic materials, volumetric cosmic lighting, atmospheric scattering, extreme cinematic depth, breathtaking scale, photorealistic impossible technology, ultra-detailed 16k render."", ""target_folder"": ""C:\\Users\\Irak\\Desktop\\Youtube Pipeline\\PromptDatabase\\output_packaged\\1.2.Level_10_The_Paddy_Ocean_Vacuum""}",,Real MP4 video not yet available on Google Flow / 1Video10Sec. Folder creation deferred.,2026-08-18 08:02:23.476247,2026-08-18 08:02:23.501377
30,1,4,waiting_for_video,"{""idea_id"": 1, ""idea_title"": ""Rice Titan Harvester"", ""video_prompt"": ""Use IMAGE 10 as the first frame and reference image. Exactly 8 seconds, photorealistic cinematic render, smooth continuous motion, no cuts, maximum cinematic realism.\n\nSecond 1 [0:00-0:01] \u2014 HUD Popup Text: \""STEP 1: AWAKEN THE TITAN\"" \u2014 The alien agricultural intelligence activates, illuminating countless sensor halos and planetary-scale harvesting systems.\n\nSecond 2 [0:01-0:02] \u2014 HUD Popup Text: \""STEP 2: HARVEST REALITY\"" \u2014 Innumerable colossal arms reach through folded space and gather rice from multiple worlds simultaneously.\n\nSecond 3 [0:02-0:03] \u2014 HUD Popup Text: \""STEP 3: TRANSDIMENSIONAL THRESH\"" \u2014 Entire crop streams enter wormholes and emerge inside the titan's impossible belly factory.\n\nSecond 4 [0:03-0:04] \u2014 HUD Popup Text: \""STEP 4: QUANTUM PURIFICATION\"" \u2014 Individual grains float through miniature artificial suns, gravitational separators, magnetic fields, and alien drying reactors.\n\nSecond 5 [0:04-0:05] \u2014 HUD Popup Text: \""STEP 5: STORE THE HARVEST UNIVERSE\"" \u2014 Finished grains cascade into an infinite-dimensional storage chamber containing vast glowing reserves of rice.\n\nSeconds 6-8 [0:05-0:08]: HUD text completely fades; the camera performs a continuous impossible-scale descent from the cosmic titan into its belly, through alien processing architecture, and finally reaches a maximum close-up of a single rice grain suspended beside a colossal quantum mechanism, with the surrounding machinery stabilizing into a mesmerizing continuous harvesting rhythm, no cuts, no scene transition, exactly 8 seconds."", ""image_prompt"": ""5-Layer Open Montage Structure\n\nLayer 1 \u2014 Subject: An utterly alien Rice Titan Harvester of impossible scale, larger than a planet, constructed as a living-mechanical agricultural intelligence with innumerable articulated harvesting limbs, continent-sized crop claws, biomechanical machine surfaces, floating auxiliary harvesters, colossal sensor halos, and a central consciousness core glowing inside its torso.\n\nLayer 2 \u2014 Environment: Multiple planetary rice worlds arranged around the titan, enormous agricultural continents, artificial irrigation oceans, orbital farms, rings of harvested grain, moons, stars, nebulae, gravitationally distorted landscapes, entire civilizations appearing microscopic against the machine.\n\nLayer 3 \u2014 Architecture: Impossible alien megastructure architecture containing nested planetary threshers, rotating dimensional processing spheres, gravitational grain elevators, living-machine conveyor networks, self-repairing biomechanical armor, infinite storage dimensions, orbital drying reactors, autonomous micro-machine ecosystems, and a colossal central belly factory resembling a miniature artificial universe.\n\nLayer 4 \u2014 Energy/Physics: Extreme quantum and gravitational phenomena, miniature artificial suns powering the machine, wormholes connecting agricultural worlds, magnetic rivers carrying rice through space, localized time distortion, spatial folding, plasma oceans, luminous quantum foam, gravitational lensing bending stars around the titan, impossible energy fields surrounding every mechanical movement.\n\nLayer 5 \u2014 Cinematic Presentation: Maximum-scale cinematic masterpiece, impossible low-angle cosmic perspective with the planet-sized titan dominating the frame, photorealistic alien-mechanical textures, realistic planetary atmospheres, stars distorted by gravity, volumetric plasma clouds, extreme HDR lighting, cinematic depth, microscopic grain detail simultaneously visible against cosmic scale, hyperreal 16K render."", ""target_folder"": ""C:\\Users\\Irak\\Desktop\\Youtube Pipeline\\PromptDatabase\\output_packaged\\1.1.Level_10_Rice_Titan_Harvester""}",,Real MP4 video not yet available on Google Flow / 1Video10Sec. Folder creation deferred.,2026-08-18 08:06:35.116674,2026-08-18 08:06:35.141676
31,1,5,success,"{""idea_id"": 1, ""idea_title"": ""Rice Titan Harvester"", ""video_prompt"": ""Exactly 8 seconds, 9:16 vertical aspect ratio, photorealistic cinematic render, smooth continuous motion, no cuts, maximum cinematic realism.\n\nSecond 1 [0:00-0:01] \u2014 HUD Popup Text: \""STEP 1: ALIEN HARVEST AWAKENING\"" \u2014 The titan's galaxy-like sensor crowns ignite in concentric halos, scanning continents, dimensions and individual rice particles simultaneously as plasma conduits, quantum processors and gravitational stabilizers awaken across the cosmic body.\n\nSecond 2 [0:01-0:02] \u2014 HUD Popup Text: \""STEP 2: INFINITE HARVEST DEPLOYMENT\"" \u2014 Continent-spanning articulated arms unfold into billions of synchronized precision claws, harvesting entire agricultural regions while infinite autonomous drone constellations coordinate crop collection across dimensional distances.\n\nSecond 3 [0:02-0:03] \u2014 HUD Popup Text: \""STEP 3: ALIEN THRESHING CASCADE\"" \u2014 Harvest streams pour into planet-sized belly intakes and descend through recursive threshing cylinders, cyclone galaxies and quantum conveyor networks, transforming chaotic crop matter into perfectly ordered grain streams.\n\nSecond 4 [0:03-0:04] \u2014 HUD Popup Text: \""STEP 4: QUANTUM GRAVITY PURIFICATION\"" \u2014 Electromagnetic fields, quantum mechanisms, artificial gravity wells and stellar thermal loops isolate, purify and dry individual grains while luminous rivers of matter flow through impossible alien architecture.\n\nSecond 5 [0:04-0:05] \u2014 HUD Popup Text: \""STEP 5: INFINITE GRAIN RESERVOIRS\"" \u2014 Perfectly harvested grain cascades through dimensional elevators into vast glowing reservoirs resembling golden oceans, with storage chambers extending beyond visible space while the entire machine continues harvesting.\n\nSeconds 6-8 [0:05-0:08]: HUD text completely fades; the camera performs a continuous impossible-scale descent from the cosmic titan into its belly, through alien processing architecture, and finally reaches a maximum close-up of a single harvested particle/grain suspended beside a colossal quantum mechanism, with the surrounding machinery stabilizing into a mesmerizing continuous harvesting rhythm, no cuts, no scene transition, exactly 8 seconds."", ""image_prompt"": ""5-Layer Open Montage Structure\n\nLayer 1 \u2014 Subject: The ultimate alien Rice Titan Harvester, an incomprehensible cosmic agricultural entity vastly larger than a planet, with continent-spanning articulated harvesting limbs that fracture into billions of precision claws, infinite autonomous drone constellations, multiple sensor crowns resembling artificial galaxies, and a colossal biomechanical-industrial silhouette that remains unmistakably dedicated to harvesting rice.\n\nLayer 2 \u2014 Environment: An impossible panoramic Earth-scale agricultural civilization of endless paddy continents, oceans, rivers, cities, mountains, storms and atmospheric layers, surrounded by subtle dimensional folds and distant cosmic structures, with microscopic workers, vehicles and villages providing the last recognizable scale reference.\n\nLayer 3 \u2014 Architecture: The multi-level torso contains an apparently infinite alien processing universe: planet-sized threshing cylinders, cyclone separator galaxies, quantum purification chambers, gravity sorting oceans, stellar-scale drying reactors, autonomous machine ecosystems, recursive conveyor networks, dimensional grain elevators and glowing storage vaults that contain entire artificial landscapes of harvested grain.\n\nLayer 4 \u2014 Energy/Physics: High-voltage plasma conduits burn like controlled cosmic lightning, electromagnetic fields warp visible space, glowing thermal loops resemble miniature stars, magnetic suspension holds impossible megastructures in perfect equilibrium, artificial gravity gradients sculpt luminous rivers of matter, and quantum mechanisms manipulate individual grains without disrupting the surrounding harvest flow.\n\nLayer 5 \u2014 Cinematic Presentation: Ultimate dramatic low-angle cinematic framing, 9:16 vertical composition, photorealistic 16K render, maximum cinematic realism, volumetric cosmic lighting, planetary haze, wet reflective surfaces, immense atmospheric depth, subtle space-time distortion, microscopic environmental details, breathtaking alien-industrial complexity, visually coherent impossible physics, masterpiece-level photorealism."", ""target_folder"": ""C:\\Users\\Irak\\Desktop\\Youtube Pipeline\\PromptDatabase\\output_packaged\\1.1.Level_10_Rice_Titan_Harvester""}","{""folder"": ""C:\\Users\\Irak\\Desktop\\Youtube Pipeline\\PromptDatabase\\output_packaged\\1.1.Level_10_Rice_Titan_Harvester"", ""video"": ""C:\\Users\\Irak\\Desktop\\Youtube Pipeline\\PromptDatabase\\output_packaged\\1.1.Level_10_Rice_Titan_Harvester\\1.1.Level_10_Rice_Titan_Harvester.mp4"", ""metadata"": ""C:\\Users\\Irak\\Desktop\\Youtube Pipeline\\PromptDatabase\\output_packaged\\1.1.Level_10_Rice_Titan_Harvester\\youtube_metadata.json"", ""prompt_info"": ""C:\\Users\\Irak\\Desktop\\Youtube Pipeline\\PromptDatabase\\output_packaged\\1.1.Level_10_Rice_Titan_Harvester\\prompt_info.json""}",,2026-08-25 13:59:33.126382,2026-08-25 13:59:33.187446
32,1,6,success,"{""idea_id"": 1, ""idea_title"": ""Rice Titan Harvester"", ""video_prompt"": ""Exactly 8 seconds, 9:16 vertical aspect ratio, photorealistic cinematic render, smooth continuous motion, no cuts, maximum cinematic realism.\n\nSecond 1 [0:00-0:01] \u2014 HUD Popup Text: \""STEP 1: ALIEN HARVEST AWAKENING\"" \u2014 The titan's galaxy-like sensor crowns ignite in concentric halos, scanning continents, dimensions and individual rice particles simultaneously as plasma conduits, quantum processors and gravitational stabilizers awaken across the cosmic body.\n\nSecond 2 [0:01-0:02] \u2014 HUD Popup Text: \""STEP 2: INFINITE HARVEST DEPLOYMENT\"" \u2014 Continent-spanning articulated arms unfold into billions of synchronized precision claws, harvesting entire agricultural regions while infinite autonomous drone constellations coordinate crop collection across dimensional distances.\n\nSecond 3 [0:02-0:03] \u2014 HUD Popup Text: \""STEP 3: ALIEN THRESHING CASCADE\"" \u2014 Harvest streams pour into planet-sized belly intakes and descend through recursive threshing cylinders, cyclone galaxies and quantum conveyor networks, transforming chaotic crop matter into perfectly ordered grain streams.\n\nSecond 4 [0:03-0:04] \u2014 HUD Popup Text: \""STEP 4: QUANTUM GRAVITY PURIFICATION\"" \u2014 Electromagnetic fields, quantum mechanisms, artificial gravity wells and stellar thermal loops isolate, purify and dry individual grains while luminous rivers of matter flow through impossible alien architecture.\n\nSecond 5 [0:04-0:05] \u2014 HUD Popup Text: \""STEP 5: INFINITE GRAIN RESERVOIRS\"" \u2014 Perfectly harvested grain cascades through dimensional elevators into vast glowing reservoirs resembling golden oceans, with storage chambers extending beyond visible space while the entire machine continues harvesting.\n\nSeconds 6-8 [0:05-0:08]: HUD text completely fades; the camera performs a continuous impossible-scale descent from the cosmic titan into its belly, through alien processing architecture, and finally reaches a maximum close-up of a single harvested particle/grain suspended beside a colossal quantum mechanism, with the surrounding machinery stabilizing into a mesmerizing continuous harvesting rhythm, no cuts, no scene transition, exactly 8 seconds."", ""image_prompt"": ""5-Layer Open Montage Structure\n\nLayer 1 \u2014 Subject: The ultimate alien Rice Titan Harvester, an incomprehensible cosmic agricultural entity vastly larger than a planet, with continent-spanning articulated harvesting limbs that fracture into billions of precision claws, infinite autonomous drone constellations, multiple sensor crowns resembling artificial galaxies, and a colossal biomechanical-industrial silhouette that remains unmistakably dedicated to harvesting rice.\n\nLayer 2 \u2014 Environment: An impossible panoramic Earth-scale agricultural civilization of endless paddy continents, oceans, rivers, cities, mountains, storms and atmospheric layers, surrounded by subtle dimensional folds and distant cosmic structures, with microscopic workers, vehicles and villages providing the last recognizable scale reference.\n\nLayer 3 \u2014 Architecture: The multi-level torso contains an apparently infinite alien processing universe: planet-sized threshing cylinders, cyclone separator galaxies, quantum purification chambers, gravity sorting oceans, stellar-scale drying reactors, autonomous machine ecosystems, recursive conveyor networks, dimensional grain elevators and glowing storage vaults that contain entire artificial landscapes of harvested grain.\n\nLayer 4 \u2014 Energy/Physics: High-voltage plasma conduits burn like controlled cosmic lightning, electromagnetic fields warp visible space, glowing thermal loops resemble miniature stars, magnetic suspension holds impossible megastructures in perfect equilibrium, artificial gravity gradients sculpt luminous rivers of matter, and quantum mechanisms manipulate individual grains without disrupting the surrounding harvest flow.\n\nLayer 5 \u2014 Cinematic Presentation: Ultimate dramatic low-angle cinematic framing, 9:16 vertical composition, photorealistic 16K render, maximum cinematic realism, volumetric cosmic lighting, planetary haze, wet reflective surfaces, immense atmospheric depth, subtle space-time distortion, microscopic environmental details, breathtaking alien-industrial complexity, visually coherent impossible physics, masterpiece-level photorealism."", ""target_folder"": ""C:\\Users\\Irak\\Desktop\\Youtube Pipeline\\PromptDatabase\\output_packaged\\1.1.Level_10_Rice_Titan_Harvester""}","{""folder"": ""C:\\Users\\Irak\\Desktop\\Youtube Pipeline\\PromptDatabase\\output_packaged\\1.1.Level_10_Rice_Titan_Harvester"", ""video"": ""C:\\Users\\Irak\\Desktop\\Youtube Pipeline\\PromptDatabase\\output_packaged\\1.1.Level_10_Rice_Titan_Harvester\\1.1.Level_10_Rice_Titan_Harvester.mp4"", ""metadata"": ""C:\\Users\\Irak\\Desktop\\Youtube Pipeline\\PromptDatabase\\output_packaged\\1.1.Level_10_Rice_Titan_Harvester\\youtube_metadata.json"", ""prompt_info"": ""C:\\Users\\Irak\\Desktop\\Youtube Pipeline\\PromptDatabase\\output_packaged\\1.1.Level_10_Rice_Titan_Harvester\\prompt_info.json""}",,2026-08-25 14:43:22.795548,2026-08-25 14:43:22.850306
33,2,5,success,"{""idea_id"": 2, ""idea_title"": ""The Paddy Ocean Vacuum"", ""video_prompt"": ""Exactly 8 seconds, 9:16 vertical aspect ratio, photorealistic cinematic render, smooth continuous motion, no cuts, maximum cinematic realism.\n\nSecond 1 [0:00-0:01] \u2014 HUD Popup Text: \""STEP 1: ALIEN SYSTEM AWAKENING\"" \u2014 Every sensor crown across the impossible titan activates simultaneously, generating concentric multidimensional-looking scan halos while plasma conduits ignite, autonomous drones emerge, and magnetic-gravity suspension locks the colossal machine into a silent hover above the planetary rice ocean.\n\nSecond 2 [0:01-0:02] \u2014 HUD Popup Text: \""STEP 2: OCEAN HARVEST DEPLOYMENT\"" \u2014 Innumerable harvesting arms unfold in synchronized fractal patterns, their adaptive vacuum claws gently lifting mature rice panicles from millions of plants while autonomous drones regulate airflow, position, maturity, and particle trajectories.\n\nSecond 3 [0:02-0:03] \u2014 HUD Popup Text: \""STEP 3: INFINITE BELLY FACTORY\"" \u2014 Harvested streams race through enormous transparent tubes into the titan's interior, entering colossal threshing cylinders, cyclone galaxies, recursive separators, and nested processing chambers whose synchronized motion creates an alien industrial rhythm.\n\nSecond 4 [0:03-0:04] \u2014 HUD Popup Text: \""STEP 4: QUANTUM MATTER PURIFICATION\"" \u2014 Individual grains and microscopic particles become visible within electromagnetic fields as gravity separation, cyclone vortices, quantum purification, and radiant drying reactors isolate pristine grain with impossible precision while plasma conduits pulse around the machinery.\n\nSecond 5 [0:04-0:05] \u2014 HUD Popup Text: \""STEP 5: COSMIC GRAIN RESERVOIRS\"" \u2014 Infinite-looking golden cascades descend into vast glowing storage vaults, branching through luminous reservoirs and autonomous distribution arteries toward mobile silos that stretch across the planetary agricultural landscape.\n\nSeconds 6-8 [0:05-0:08]: HUD text completely fades; the camera performs a continuous impossible-scale descent from the cosmic titan into its belly, through alien processing architecture, and finally reaches a maximum close-up of a single harvested particle/grain suspended beside a colossal quantum mechanism, with the surrounding machinery stabilizing into a mesmerizing continuous harvesting rhythm, no cuts, no scene transition, exactly 8 seconds."", ""image_prompt"": ""5-Layer Open Montage Structure, 9:16 vertical aspect ratio, 16K photorealistic render\n\nLayer 1 \u2014 Subject: The ultimate Paddy Ocean Vacuum, an incomprehensibly colossal alien-inspired agricultural titan spanning the horizon and extending beyond the visible atmosphere, hovering effortlessly above flooded rice continents; its silhouette combines a kilometer-long central body with innumerable morphing harvesting arms, biomechanical-looking but technologically precise vacuum claws, autonomous drone constellations, and vast multi-ring sensor crowns that resemble artificial planetary halos.\n\nLayer 2 \u2014 Environment: An entire Earth-scale rice ecosystem beneath the titan, with continental oceans of flooded paddies, rivers, deltas, cities, villages, mountains, forests, clouds, aircraft, ships, workers, vehicles, and mobile silos reduced to microscopic details; atmospheric curvature, distant weather systems, and cosmic space establish an utterly impossible scale.\n\nLayer 3 \u2014 Architecture: The multi-level torso is an alien megafactory whose visible interior contains planet-sized threshing cylinders, rotating cyclone galaxies, recursive gravity separators, quantum drying reactors, self-organizing particle refineries, autonomous robotic infrastructure, luminous storage vaults, and nested processing chambers that appear to continue infinitely inward while remaining photorealistic and physically coherent.\n\nLayer 4 \u2014 Energy/Physics: Gigantic high-voltage plasma conduits pulse like artificial lightning, electromagnetic fields form luminous three-dimensional geometries around every harvesting limb, magnetic suspension and gravity control create vast ripples across oceans of flooded fields, glowing thermal loops resemble miniature stars, and quantum mechanisms manipulate grain-scale matter inside precisely contained fields without magical visual ambiguity.\n\nLayer 5 \u2014 Cinematic Presentation: Maximum dramatic low-angle cinematic framing, 9:16 vertical composition, the titan rising from flooded agricultural continents into the clouds and near-space, cosmic volumetric lighting, wet-surface reflections, atmospheric scattering, immense shadows, realistic water behavior, physically based metal, glass, ceramic and composite materials, subtle lens imperfections, extraordinary depth, breathtaking impossible scale, hyper-detailed 16K photorealistic render."", ""target_folder"": ""C:\\Users\\Irak\\Desktop\\Youtube Pipeline\\PromptDatabase\\output_packaged\\1.2.Level_10_The_Paddy_Ocean_Vacuum""}","{""folder"": ""C:\\Users\\Irak\\Desktop\\Youtube Pipeline\\PromptDatabase\\output_packaged\\1.2.Level_10_The_Paddy_Ocean_Vacuum"", ""video"": ""C:\\Users\\Irak\\Desktop\\Youtube Pipeline\\PromptDatabase\\output_packaged\\1.2.Level_10_The_Paddy_Ocean_Vacuum\\1.2.Level_10_The_Paddy_Ocean_Vacuum.mp4"", ""metadata"": ""C:\\Users\\Irak\\Desktop\\Youtube Pipeline\\PromptDatabase\\output_packaged\\1.2.Level_10_The_Paddy_Ocean_Vacuum\\youtube_metadata.json"", ""prompt_info"": ""C:\\Users\\Irak\\Desktop\\Youtube Pipeline\\PromptDatabase\\output_packaged\\1.2.Level_10_The_Paddy_Ocean_Vacuum\\prompt_info.json""}",,2026-08-25 15:02:06.580777,2026-08-25 15:02:06.648778
34,3,4,failed,"{""idea_id"": 3, ""idea_title"": ""Rice-Field Spider Colossus"", ""video_prompt"": ""Exactly 8 seconds, 9:16 vertical aspect ratio, photorealistic cinematic render, smooth continuous motion, no cuts, maximum cinematic realism.\n\nSecond 1 [0:00-0:01] \u2014 HUD Popup Text: \""STEP 1: ALIEN SENSOR AWAKENING\"" \u2014 Every concentric sensor crown across the impossible titan ignites simultaneously, generating nested cyan-violet-gold halos that sweep across continents, atmosphere and orbital space while quantum processors synchronize the entire harvesting organism.\n\nSecond 2 [0:01-0:02] \u2014 HUD Popup Text: \""STEP 2: OMNISCALE HARVEST\"" \u2014 Countless articulated harvesting arms deploy from the titan in coordinated waves, from colossal field-scale claws down to microscopic precision manipulators, while autonomous alien drones gather ripe rice and route every particle into converging intake streams.\n\nSecond 3 [0:02-0:03] \u2014 HUD Popup Text: \""STEP 3: IMPOSSIBLE THRESHING\"" \u2014 Harvested stalks plunge into gigantic rotating threshing cylinders and cyclonic separators, where mechanical force, controlled airflow and quantum-scale separation transform the crop into perfectly isolated luminous grain streams moving through the titan's endless belly factories.\n\nSecond 4 [0:03-0:04] \u2014 HUD Popup Text: \""STEP 4: QUANTUM-GRAVITY PURIFICATION\"" \u2014 Artificial gravity wells bend each grain's trajectory while electromagnetic fields remove microscopic contaminants, quantum purification chambers stabilize molecular structure, and stellar thermal loops dry the purified rice with impossible precision.\n\nSecond 5 [0:04-0:05] \u2014 HUD Popup Text: \""STEP 5: INFINITE STORAGE CASCADE\"" \u2014 Polished grains cascade through colossal magnetic arteries into vast crystalline reservoirs, each kernel individually stabilized and organized as glowing storage chambers fill in synchronized waves extending into impossible interior distances.\n\nSeconds 6-8 [0:05-0:08]: HUD text completely fades; the camera performs a continuous impossible-scale descent from the cosmic titan into its belly, through alien processing architecture, past colossal threshing cylinders, gravitational machinery, plasma conduits, crystalline reservoirs and quantum purification chambers, continuously shrinking in scale without cuts or scene transitions until it reaches a maximum close-up of a single harvested grain suspended beside a colossal quantum mechanism, the grain rotating gently while electromagnetic filaments pass around it and the surrounding machinery stabilizes into a mesmerizing continuous harvesting rhythm, no cuts, no scene transition, exactly 8 seconds."", ""image_prompt"": ""5-Layer Open Montage Structure, 9:16 vertical aspect ratio, 16K photorealistic render\n\nLayer 1 \u2014 Subject: The ultimate Rice-Field Spider Colossus, an impossibly gigantic eight-legged alien-industrial titan whose limbs bridge planetary landscapes and atmosphere, its silhouette combining a spider, walking megastructure and incomprehensible extraterrestrial harvesting organism; countless articulated harvesting arms and microscopic claws operate simultaneously, autonomous drone swarms form living constellations around it, and multiple concentric sensor crowns create vast luminous halos capable of scanning individual grains across entire worlds.\n\nLayer 2 \u2014 Environment: A breathtaking cosmic agricultural panorama containing multiple continents, planetary curvature, oceans, mountain ranges, atmospheric storms, orbital infrastructure and innumerable paddy fields, with cities, highways, aircraft, workers and harvest vehicles appearing smaller than individual machine components; distant celestial bodies and alien nebulae establish an incomprehensible cosmic scale while wet rice fields remain visible beneath the titan's feet.\n\nLayer 3 \u2014 Architecture: The central torso is an impossible nested megafactory containing multilevel threshing cylinders larger than cities, cyclone separators forming controlled atmospheric vortices, quantum purification cathedrals, alien drying reactors powered by artificial stellar cores, molecular polishing engines, gravitational grain elevators and endless crystalline storage vaults; every chamber is interconnected by luminous arteries and transparent inspection tunnels, revealing multiple processing scales simultaneously.\n\nLayer 4 \u2014 Energy/Physics: Extreme high-voltage plasma conduits pulse through the machine like cosmic nervous systems, enormous electromagnetic fields form geometric halos around continents, glowing thermal loops behave like contained miniature stars, magnetic suspension supports entire processing layers, artificial gravity wells bend grain trajectories, quantum fields stabilize individual particles, and subtle spacetime distortions surround the central processing core while maintaining photorealistic physical coherence.\n\nLayer 5 \u2014 Cinematic Presentation: Maximum dramatic low-angle cinematic framing, 9:16 vertical composition designed to communicate incomprehensible vertical scale from reflective wet rice paddies through clouds, planetary atmosphere and cosmic space, intense volumetric lighting, storm illumination, golden sunlight, cyan plasma reflections, wet-surface reflections, atmospheric particles, realistic metal micro-detail, physically accurate materials, cinematic depth of field, monumental contrast, ultra-detailed 16K photorealistic render, alien yet believable engineering, maximum visual complexity."", ""target_folder"": ""/home/mdkamruzzamanirak_gmail_com/.openclaw/workspace/IROSCRIPT-CEO/social-media/youtube/Youtube Automation/PromptDatabase/output_packaged/1.3.Level_10_Rice-Field_Spider_Colossus""}",,name 'hashtags_list' is not defined,2026-09-14 08:48:29.180019,2026-09-14 08:48:29.314005
