id,uuid,idea_id,element_id,title,seo_description,tags,category,default_language,video_prompt_used,image_prompt_used,video_file_path,package_folder_path,status,created_at,updated_at,pinned_comment
2,dd0e6617-d241-4728-a009-d111de158578,1,1,Rice Paddy Harvesting Machine: This Is Seriously Fast 🌾,"What happens when a Rice Titan Harvester takes on a paddy field? Watch this cinematic 8-second harvest transformation unfold at incredible speed.

00:00 Harvester enters the paddy field
00:03 Rice Titan starts harvesting
00:06 Rapid paddy harvesting action
00:08 Final cinematic shot

This AI-generated short showcases modern paddy harvesting machines in agriculture, inspired by real search interest around rice harvesting and processing. The Rice Titan Harvester is presented as a cinematic concept for viewers fascinated by agricultural machinery and rice farming.

Explore the world of paddy harvesting in China, paddy harvesting in Japan, paddy harvesters in Assam and Andhra Pradesh, plus traditional paddy harvesting by hand. Which harvesting method would you choose? #PaddyHarvesting #RiceHarvesting #Harvester #Agriculture #Farming","[""rice paddy harvesting machine"", ""paddy harvesting machines in agriculture"", ""paddy harvesting machine in japan"", ""paddy harvesting in japan"", ""paddy harvesting in china"", ""rice harvesting and processing"", ""paddy harvester in assam"", ""paddy harvester in andhra pradesh"", ""paddy harvesting by hand"", ""rice harvesting by hand"", ""paddy harvesting"", ""rice harvesting"", ""rice harvester"", ""paddy harvester"", ""agriculture""]",Science & Technology,en,"Use IMAGE 10 as the first frame and reference image. Exactly 8 seconds, photorealistic cinematic render, smooth continuous motion, no cuts, maximum cinematic realism.

Second 1 [0:00-0:01] — HUD Popup Text: ""STEP 1: AWAKEN THE TITAN"" — The alien agricultural intelligence activates, illuminating countless sensor halos and planetary-scale harvesting systems.

Second 2 [0:01-0:02] — HUD Popup Text: ""STEP 2: HARVEST REALITY"" — Innumerable colossal arms reach through folded space and gather rice from multiple worlds simultaneously.

Second 3 [0:02-0:03] — HUD Popup Text: ""STEP 3: TRANSDIMENSIONAL THRESH"" — Entire crop streams enter wormholes and emerge inside the titan's impossible belly factory.

Second 4 [0:03-0:04] — HUD Popup Text: ""STEP 4: QUANTUM PURIFICATION"" — Individual grains float through miniature artificial suns, gravitational separators, magnetic fields, and alien drying reactors.

Second 5 [0:04-0:05] — HUD Popup Text: ""STEP 5: STORE THE HARVEST UNIVERSE"" — Finished grains cascade into an infinite-dimensional storage chamber containing vast glowing reserves of rice.

Seconds 6-8 [0:05-0:08]: HUD text completely fades; the camera performs a continuous impossible-scale descent from the cosmic titan into its belly, through alien processing architecture, and finally reaches a maximum close-up of a single rice grain suspended beside a colossal quantum mechanism, with the surrounding machinery stabilizing into a mesmerizing continuous harvesting rhythm, no cuts, no scene transition, exactly 8 seconds.","5-Layer Open Montage Structure

Layer 1 — Subject: An utterly alien Rice Titan Harvester of impossible scale, larger than a planet, constructed as a living-mechanical agricultural intelligence with innumerable articulated harvesting limbs, continent-sized crop claws, biomechanical machine surfaces, floating auxiliary harvesters, colossal sensor halos, and a central consciousness core glowing inside its torso.

Layer 2 — Environment: Multiple planetary rice worlds arranged around the titan, enormous agricultural continents, artificial irrigation oceans, orbital farms, rings of harvested grain, moons, stars, nebulae, gravitationally distorted landscapes, entire civilizations appearing microscopic against the machine.

Layer 3 — Architecture: Impossible alien megastructure architecture containing nested planetary threshers, rotating dimensional processing spheres, gravitational grain elevators, living-machine conveyor networks, self-repairing biomechanical armor, infinite storage dimensions, orbital drying reactors, autonomous micro-machine ecosystems, and a colossal central belly factory resembling a miniature artificial universe.

Layer 4 — Energy/Physics: Extreme quantum and gravitational phenomena, miniature artificial suns powering the machine, wormholes connecting agricultural worlds, magnetic rivers carrying rice through space, localized time distortion, spatial folding, plasma oceans, luminous quantum foam, gravitational lensing bending stars around the titan, impossible energy fields surrounding every mechanical movement.

Layer 5 — Cinematic Presentation: Maximum-scale cinematic masterpiece, impossible low-angle cosmic perspective with the planet-sized titan dominating the frame, photorealistic alien-mechanical textures, realistic planetary atmospheres, stars distorted by gravity, volumetric plasma clouds, extreme HDR lighting, cinematic depth, microscopic grain detail simultaneously visible against cosmic scale, hyperreal 16K render.",C:\Users\Irak\Desktop\Youtube Pipeline\PromptDatabase\output_packaged\1.1.Level_10_Rice_Titan_Harvester\1.1.Level_10_Rice_Titan_Harvester.mp4,C:\Users\Irak\Desktop\Youtube Pipeline\PromptDatabase\output_packaged\1.1.Level_10_Rice_Titan_Harvester,ready,2026-08-18 07:55:04.020215,2026-09-04 12:07:17.173692,Would you choose a machine harvester or harvesting by hand? 🌾
3,d8e88e6b-920e-4adf-9b90-c1c428ba9ab3,2,1,Paddy Harvesting Machine: The Floating Ocean Vacuum,"What if a paddy harvesting machine could float above flooded rice fields and selectively harvest ripe grain without touching the soil? The Paddy Ocean Vacuum is a colossal futuristic concept built around hovering harvest assemblies, precision airflow, sensors, and kilometer-long grain transport systems.

Watch this cinematic 8-second vision of an impossible agricultural megamachine gliding across a vast rice-growing landscape. Its vacuum harvesting heads target mature panicles while leaving living stalks and unripe grain behind, turning paddy harvesting into a spectacular piece of futuristic engineering.

#PaddyHarvesting #AgriculturalMachines #FutureTechnology","[""paddy harvesting machine"", ""paddy harvesting"", ""paddy crop harvesting"", ""harvesting paddy fields"", ""paddy harvesting videos"", ""paddy harvesting tractor"", ""paddy harvesting drone"", ""paddy harvesting time"", ""future farming"", ""futuristic agriculture"", ""agricultural machine"", ""rice harvesting machine"", ""futuristic farming""]",Science & Technology,en,,,,,ready,2026-09-05 04:41:00.319350,2026-09-05 05:31:27.511514,Would you trust this floating paddy harvesting machine in a real rice field? 🌾👇
